User_ID;Table_rank_2022;Name;net_worth_in_BillionUSD_2022;Age_of_person_2022
2;1;Elon Musk;219,00;50
3;2;Jeff Bezos;171,00;58
1;3;Bernard Arnault and family;158,00;73
6;4;Bill Gates;129,00;66
5;5;Warren Buffett;118,00;91
12;6;Larry Page;111,00;49
14;7;Sergey Brin;107,00;48
4;8;Larry Ellison;106,00;77
10;9;Steve Ballmer;91,40;66
9;10;Mukesh Ambani;90,70;64
2642;11;Gautam Adani and family;90,00;59
7;12;Michael Bloomberg;82,00;80
8;13;Carlos Slim Helu and family;81,20;82
11;14;Francoise Bettencourt Meyers and family;74,80;68
16;15;Mark Zuckerberg;67,30;37
19;16;Jim Walton;66,20;73
15;17;Zhong Shanshan;65,70;67
21;18;Alice Walton;65,30;72
2643;19;Rob Walton;65,00;77
169;19;Changpeng Zhao;65,00;44
2644;21;Charles Koch;60,00;86
18;21;Julia Koch and family;60,00;59
13;23;Amancio Ortega;59,60;86
23;24;Michael Dell;55,10;57
26;25;Zhang Yiming;50,00;38
22;26;David Thomson and family;49,20;64
25;27;Phil Knight and family;47,30;84
27;28;Dieter Schwarz;47,10;82
38;29;Robin Zeng;44,80;53
60;30;MacKenzie Scott;43,60;51
2646;31;Rodolphe Saade and family;41,40;52
28;32;Francois Pinault and family;40,40;85
29;33;Klaus-Michael Kuehne;37,30;84
34;34;Ma Huateng;37,20;50
2647;35;Beate Heister and Karl Albrecht Jr. and family;36,80;64
30;36;Giovanni Ferrero;36,20;57
33;37;Li Ka-shing;34,80;93
50;37;Stephen Schwarzman;34,80;75
47;39;Lee Shau Kee;32,60;94
40;40;Len Blavatnik;32,50;64
31;41;Jacqueline Mars;31,70;82
32;41;John Mars;31,70;86
41;43;Alain Wertheimer;31,20;73
42;43;Gerard Wertheimer;31,20;71
54;45;German Larrea Mota Velasco and family;30,80;68
52;46;Gina Rinehart;30,20;68
55;47;Shiv Nadar;28,70;76
49;48;Jim Simons;28,60;83
2649;49;He Xiangjian;28,30;79
2650;50;Miriam Adelson;27,50;76
2651;51;Dietrich Mateschitz;27,40;77
2652;52;Leonardo Del Vecchio and family;27,30;86
36;53;Ken Griffin;27,20;53
39;54;Tadashi Yanai and family;26,10;73
2653;55;William Lei Ding;25,20;50
51;56;Susanne Klatten;24,30;59
68;56;Cyrus Poonawalla;24,30;80
75;56;Wang Wei;24,30;51
87;59;Qin Yinglin;24,10;56
2654;60;Sam Bankman-Fried;24,00;30
78;61;Takemitsu Takizaki;23,90;76
2655;62;Li Shufu;23,70;58
71;63;Emmanuel Besnier;23,50;51
61;64;R. Budi Hartono;23,20;81
77;65;Leonard Lauder;23,10;89
322;66;Guillaume Pousaz;23,00;40
65;67;Iris Fontbona and family;22,80;79
63;67;Jack Ma;22,80;57
66;69;Michael Hartono;22,30;82
105;70;Eric Schmidt;22,10;66
83;71;Ray Dalio;22,00;72
92;71;Daniel Gilbert;22,00;60
81;73;Thomas Frist  Jr. and family;21,80;83
69;74;Masayoshi Son;21,30;64
72;75;Abigail Johnson;21,20;60
99;76;Rupert Murdoch and family;20,80;91
59;77;Stefan Quandt;20,70;55
76;78;Jensen Huang;20,60;59
115;79;Huang Shilin;20,30;55
57;80;Thomas Peterffy;20,10;77
114;81;Radhakishan Damani;20,00;67
107;82;Pang Kang;19,60;66
88;83;Wang Chuanfu;19,50;56
46;84;Reinhold Wuerth and family;19,00;86
101;85;Theo Albrecht  Jr. and family;18,70;71
255;85;Yang Huiyan and family;18,70;40
70;87;Vladimir Lisin;18,40;65
2657;88;Fan Hongwei and family;18,20;55
93;89;Lakshmi Mittal;17,90;71
82;90;Andrew Forrest;17,80;60
143;91;Jiang Rensheng and family;17,70;68
96;91;Savitri Jindal and family;17,70;72
85;91;Wang Wenyin;17,70;54
103;94;Li Xiting;17,60;71
104;94;Stefan Persson;17,60;74
94;96;Steve Cohen;17,40;65
62;97;Vladimir Potanin;17,30;61
89;98;Harold Hamm and family;17,20;76
194;99;Sun Piaoyang;17,10;63
197;100;Luo Liguo and family;17,00;66
111;100;Peter Woo;17,00;75
2658;102;Gianluigi and Rafaela Aponte;16,80;81
90;103;David Tepper;16,70;64
102;104;Renata Kellnerova and family;16,60;54
98;104;John Menard  Jr.;16,60;82
124;106;Kumar Birla;16,50;54
95;106;Carl Icahn;16,50;86
2659;106;Hank and Doug Meijer;16,50;64
74;106;Lukas Walton;16,50;35
145;110;Laurene Powell Jobs and family;16,40;58
67;111;James Ratcliffe;16,30;69
97;112;Donald Bren;16,20;89
120;113;Xu Hang;16,10;55
136;114;Lu Xiangyang;15,70;59
112;115;Dilip Shanghvi;15,60;66
121;116;Wei Jianjun and family;15,50;58
110;117;Jorge Paulo Lemann and family;15,40;82
86;117;Eyal Ofer;15,40;71
171;119;Mike Cannon-Brookes;15,30;42
181;119;Wu Yajun;15,30;58
119;121;Charlene de Carvalho-Heineken and family;15,20;67
106;121;Michael Platt;15,20;54
148;123;Pavel Durov;15,10;37
179;123;Scott Farquhar;15,10;42
2660;125;Pallonji Mistry;15,00;92
142;126;Dang Yanbao;14,80;49
113;127;Robert Pera;14,60;44
164;128;Donald Newhouse;14,40;92
138;129;Uday Kotak;14,30;63
125;130;Aliko Dangote;14,00;64
2662;130;Leonid Mikhelson;14,00;66
2663;132;Sunil Mittal and family;13,90;64
2664;133;Robert and Philip Ng;13,70;64
151;134;Liu Hanyuan;13,65;58
135;135;Joseph Lau;13,60;70
314;135;Anders Holch Povlsen;13,60;49
116;137;Dhanin Chearavanont;13,50;82
159;138;Gong Hongjia and family;13,20;57
183;138;Liu Yongxing;13,20;73
2665;138;Alexey Mordashov;13,20;56
254;138;Wang Jianlin;13,20;67
173;142;David Duffield;12,90;81
241;142;Li Zhenguo and family;12,90;54
137;144;Harry Triguboff;12,80;89
160;144;Zhang Zhidong;12,80;50
128;146;Chen Bang;12,70;56
224;146;John Doerr;12,70;70
2666;146;Hinduja brothers;12,70;64
126;149;Kwong Siu-hing;12,60;92
228;150;Pei Zhenhua;12,50;63
163;151;Ricardo Salinas Pliego and family;12,40;66
203;152;Jim Pattison;12,20;93
213;152;Charles Schwab;12,20;84
123;154;Goh Cheng Liang;12,10;94
2667;154;Lin Jianhua and family;12,10;59
118;156;Charoen Sirivadhanabhakdi;12,00;77
48;156;Jeff Yass;12,00;63
130;158;John Fredriksen;11,90;77
149;158;Andreas Struengmann and family;11,90;72
150;158;Thomas Struengmann and family;11,90;72
140;161;Mikhail Fridman;11,80;57
141;161;Sarath Ratanavadi;11,80;56
146;163;Robert Kuok;11,70;98
192;163;Lei Jun;11,70;52
281;163;Zhang Congyuan;11,70;74
129;166;Lui Che Woo;11,60;93
206;167;Brian Chesky;11,50;40
153;167;Israel Englander;11,50;73
226;167;Dustin Moskovitz;11,50;37
122;167;Alisher Usmanov;11,50;68
429;171;Jay Chaudhry;11,40;62
155;171;Anthony Pratt;11,40;61
2668;173;Colin Zheng Huang;11,30;42
196;173;Jin Baofang;11,30;69
227;173;Pierre Omidyar;11,30;54
91;173;Gennady Timchenko;11,30;69
172;177;Carl Cook;11,10;59
2669;177;Andrey Melnichenko;11,10;50
2670;179;Xing Wang;11,00;43
161;180;Philip Anschutz;10,90;82
215;180;David Cheriton;10,90;71
217;180;Alexander Otto;10,90;54
131;183;Diane Hendricks;10,70;75
139;183;Stanley Kroenke;10,70;74
133;185;Jerry Jones;10,60;79
180;185;Quek Leng Chan;10,60;80
176;185;Eduardo Saverin;10,60;40
80;188;Vagit Alekperov;10,50;71
225;188;Richard Liu;10,50;48
127;188;Idan Ofer;10,50;66
189;191;Melker Schorling and family;10,40;74
239;192;Chase Coleman III;10,30;46
2674;192;Shuirong Li;10,30;65
247;192;Stefano Pessina;10,30;80
156;192;Mikhail Prokhorov;10,30;56
2675;192;Marcel Herrmann Telles;10,30;72
232;197;Leon Black;10,10;70
293;197;Joe Gebbia;10,10;40
284;197;David Geffen;10,10;79
746;197;Yu Renrong;10,10;56
170;201;Andrew Beal;9,90;69
134;201;George Kaiser;9,90;79
279;201;Qi Shi and family;9,90;52
403;201;Luis Carlos Sarmiento;9,90;89
238;201;Andreas von Bechtolsheim and family;9,90;66
132;206;Jan Koum;9,80;46
734;206;Jorge Moll Filho and family;9,80;77
212;206;Azim Premji;9,80;76
220;206;Finn Rausing;9,80;67
221;206;Jorn Rausing;9,80;62
222;206;Kirsten Rausing;9,80;69
363;206;Wang Laisheng;9,80;57
2676;213;Tom and Judy Love;9,70;64
469;214;John Collison;9,50;31
470;214;Patrick Collison;9,50;33
359;214;Gordon Moore;9,50;93
316;214;Wang Laichun;9,50;54
233;218;Graeme Hart;9,40;66
245;218;Zheng Shuliang and family;9,40;76
290;220;Cao Renxian;9,30;53
261;221;Nathan Blecharczyk;9,20;38
207;221;James Dyson;9,20;74
216;223;Ivan Glasenberg;9,10;65
541;223;Kim Beom-su;9,10;56
271;223;Jay Y. Lee;9,10;53
286;223;Liu Yonghao and family;9,10;70
240;227;Ann Walton Kroenke;9,00;73
371;227;Li Ping;9,00;54
267;227;Eric Wittouck;9,00;75
2677;230;Ian and Richard Livingstone;8,90;64
193;230;Friedhelm Loh;8,90;75
374;230;Xavier Niel;8,90;54
231;230;Michael Otto;8,90;78
158;230;Johann Rupert and family;8,90;71
1003;235;Hui Ka Yan;8,80;63
346;235;Pauline MacMillan Keinath;8,80;88
2678;235;Herbert Kohler  Jr. and family;8,80;83
460;235;Li Ge;8,80;55
253;235;Kushal Pal Singh;8,80;90
324;235;Zong Qinghou;8,80;76
437;241;Cai Kui;8,70;59
915;241;Charles Ergen;8,70;69
406;241;Gao Jifan and family;8,70;57
263;241;Bernard Marcus;8,70;92
243;241;Nicky Oppenheimer and family;8,70;76
2679;246;Bajaj brothers;8,60;64
3137;246;Ernest Garcia II;8,60;64
2680;246;Paul Xiaoming Lee and family;8,60;64
378;246;George Soros;8,60;91
219;246;Wang Liping and family;8,60;56
204;251;Ernesto Bertarelli;8,50;56
327;251;Tamara Gustavson;8,50;60
236;251;Carlos Alberto Sicupira and family;8,50;74
256;254;Laurent Dassault;8,40;68
257;254;Thierry Dassault;8,40;65
259;254;Marie-Helene Habert-Dassault;8,40;57
348;254;Liu Jincheng and family;8,40;57
2681;254;Ma Jianrong and family;8,40;58
309;254;Steven Rales;8,40;71
297;254;Joseph Tsai;8,40;58
248;254;Francine von Finck and family;8,40;64
218;254;Anthony von Mandl;8,40;72
397;263;Carl Bennet;8,30;70
165;263;Robert Kraft;8,30;80
564;263;Chairul Tanjung;8,30;59
237;263;Manuel Villar;8,30;72
282;267;Jean-Michel Besnier;8,20;54
283;267;Marie Besnier Beauvalot;8,20;41
412;267;Gustaf Douglas;8,20;84
367;267;Kjeld Kirk Kristiansen;8,20;74
368;267;Sofie Kirk Kristiansen;8,20;46
369;267;Thomas Kirk Kristiansen;8,20;43
147;267;Stephen Ross;8,20;81
380;267;Agnete Kirk Thinggaard;8,20;38
332;275;Marc Benioff;8,10;57
333;275;Dmitri Bukhman;8,10;36
334;275;Igor Bukhman;8,10;40
249;275;Francis Choi;8,10;74
553;275;Murali Divi and family;8,10;71
270;275;Nancy Walton Laurie;8,10;70
177;275;Georg Schaeffler;8,10;57
280;275;Yao Liangsong;8,10;57
298;275;Zhong Huijuan;8,10;61
2683;284;Stewart and Lynda Resnick;8,00;64
252;284;George Roberts;8,00;78
152;284;Michael Rubin;8,00;49
264;284;Patrick Ryan;8,00;84
366;288;Christopher Hohn;7,90;55
198;288;Marijke Mars;7,90;57
199;288;Pamela Mars;7,90;61
200;288;Valerie Mars;7,90;63
201;288;Victoria Mars;7,90;65
235;288;Hasso Plattner and family;7,90;78
275;288;Georg Stumpf;7,90;49
178;288;Christy Walton;7,90;73
157;296;Giorgio Armani;7,80;87
430;296;Gopikishan Damani;7,80;64
2684;296;Ding Shizhong and family;7,80;51
242;296;Jim Kennedy;7,80;74
250;296;German Khan;7,80;60
328;296;Liang Wengen;7,80;65
244;296;Blair Parry-Okeden;7,80;71
441;296;Tsai Eng-meng;7,80;65
2685;304;Bajaj siblings;7,70;64
336;304;Ashwin Dani and family;7,70;79
301;304;Ding Shijia;7,70;58
260;304;Karel Komarek;7,70;53
303;304;Henry Kravis;7,70;78
329;304;Frederik Paulsen;7,70;71
2686;304;Safra siblings;7,70;64
310;304;Nassef Sawiris;7,70;61
382;304;Xu Shihui;7,70;64
383;313;Rahel Blocher;7,60;46
144;313;Shahid Khan;7,60;71
373;313;Magdalena Martullo-Blocher;7,60;53
202;316;Vincent Bollore and family;7,50;70
174;316;Jeffery Hildebrand;7,50;63
191;316;Michael Kim;7,50;58
321;316;Richard Kinder;7,50;77
273;316;David Shaw;7,50;71
211;321;John Malone;7,40;81
2687;321;Vicky Safra;7,40;69
590;321;Tim Sweeney;7,40;51
418;324;Mike Adenuga;7,30;68
117;324;David Green and family;7,30;80
302;324;Paul Tudor Jones II.;7,30;67
358;324;Yuri Milner;7,30;60
287;324;Henry Samueli;7,30;67
444;324;Patrick Soon-Shiong;7,30;69
209;330;Antonia Axson Johnson and family;7,20;78
422;330;Michael Kadoorie;7,20;80
278;330;Lin Shu-hong;7,20;93
443;330;Niels Peter Louis-Hansen;7,20;74
288;330;Reinhold Schmieding;7,20;67
330;330;Wee Cho Yaw;7,20;93
353;336;Silvio Berlusconi and family;7,10;85
299;336;Arthur Blank;7,10;79
634;336;Qian Dongqi and family;7,10;64
341;336;J. Christopher Reyes;7,10;68
342;336;Jude Reyes;7,10;66
899;336;Nik Storonsky;7,10;37
2688;336;Zhou Qunfei and family;7,10;52
1178;343;Deng Weiming and family;7,00;53
325;343;Judy Faulkner;7,00;78
285;343;Robin Li;7,00;53
229;343;Carrie Perrodo and family;7,00;71
394;343;David Reuben;7,00;83
395;343;Simon Reuben;7,00;80
464;343;Seo Jung-jin;7,00;64
2690;350;Roman Abramovich;6,90;55
466;350;Micky Arison;6,90;72
345;350;Edythe Broad and family;6,90;86
318;350;Terry Gou;6,90;71
613;350;Jiang Bin;6,90;55
574;350;Vinod Khosla;6,90;67
337;350;Ralph Lauren;6,90;82
501;350;Douglas Leone;6,90;64
2075;350;Lucia Maggi and family;6,90;89
578;350;Horst Julius Pudwill;6,90;77
251;350;Abdulsamad Rabiu;6,90;61
311;350;Harry Stine;6,90;80
404;350;Dennis Washington;6,90;87
291;363;Hasmukh Chudgar and family;6,80;88
399;363;Stanley Druckenmiller;6,80;68
557;363;Jonathan Gray;6,80;52
526;363;Kwon Hyuk-bin;6,80;48
433;363;Frank Lowy;6,80;91
351;363;Ronda Stryker;6,80;67
2692;369;Alejandro Bailleres Gual and siblings;6,70;61
312;369;Benu Gopal Bangur;6,70;90
305;369;James Goodnight;6,70;79
408;369;Alain Merieux and family;6,70;84
315;369;Enrique Razon Jr.;6,70;62
265;369;Robert F. Smith;6,70;59
1369;375;Brian Armstrong;6,60;39
352;375;Dannine Avara;6,60;58
636;375;Patrick Drahi;6,60;58
355;375;Scott Duncan;6,60;39
356;375;Milane Frantz;6,60;52
439;375;Andreas Halvorsen;6,60;60
338;375;Law Kar Po;6,60;73
185;375;Nicolas Puech;6,60;79
175;375;Viktor Rashnikov;6,60;73
2693;375;Dmitry Rybolovlev;6,60;55
364;375;Randa Duncan Williams;6,60;60
230;386;Chen Jianhua;6,50;51
407;386;John Grayken;6,50;65
456;386;Ray Lee Hunt;6,50;78
347;386;Philippe Laffont;6,50;54
388;386;Henry Nicholas III.;6,50;62
2694;386;Axel Oberwelland and siblings;6,50;55
807;386;Cliff Obrecht;6,50;36
360;386;John Overdeck;6,50;52
808;386;Melanie Perkins;6,50;34
741;386;Ruan Hongliang and family;6,50;61
361;386;David Siegel;6,50;60
2695;386;David Velez;6,50;40
721;398;Juergen Blickle;6,40;75
512;398;Cheng Xue;6,40;52
335;398;Jack Dangermond;6,40;76
475;398;Jiang Weiping and family;6,40;67
323;398;Takahisa Takahara;6,40;60
268;403;Orlando Bravo;6,30;51
586;403;Hong Ra-hee;6,30;76
2696;403;Edward Johnson  IV.;6,30;57
1047;403;Li Xiaohua and family;6,30;60
306;403;Sri Prakash Lohia;6,30;69
490;403;Miao Hangen;6,30;57
1252;403;Bobby Murphy;6,30;33
465;403;Wu Jianshu;6,30;58
411;411;Maria Asuncion Aramburuzabala and family;6,20;58
391;411;Melinda French Gates;6,20;57
387;411;Bruce Kovner;6,20;77
651;411;Pham Nhat Vuong;6,20;53
417;411;Michal Solowow;6,20;59
296;411;Leonard Stern;6,20;84
410;411;Stef Wertheimer and family;6,20;95
276;418;Rocco Commisso;6,10;72
594;418;Jack Dorsey;6,10;45
670;418;Lin Li;6,10;58
544;418;George Lucas;6,10;77
1156;418;Evan Spiegel;6,10;31
485;418;Zhao Yan;6,10;55
419;424;Tom Gores;6,00;57
489;424;Leo Koguan;6,00;67
401;424;Alexei Kuzmichev;6,00;59
449;424;Fredrik Lundberg;6,00;70
246;424;John Morris;6,00;74
289;424;Ivar Tollefsen;6,00;60
2697;424;John  Alan and Bruce Wilson;6,00;64
398;431;Stephen Bisciotti;5,90;61
487;431;Mahendra Choksi and family;5,90;80
400;431;Jian Jun;5,90;58
517;431;Barry Lam;5,90;72
671;431;Michael Moritz;5,90;67
2698;431;Teh Hong Piow;5,90;92
2699;431;Gary Wang;5,90;28
584;438;Andre Esteves;5,80;53
2700;438;Joshua Harris;5,80;57
2701;438;Rakesh Jhunjhunwala;5,80;61
459;438;Ken Langone;5,80;86
477;438;Ludwig Merckle;5,80;57
350;438;Sandra Ortega Mera;5,80;53
375;438;Terrence Pegula;5,80;71
461;438;Karen Pritzker;5,80;64
478;438;Mitchell Rales;5,80;65
493;438;Wolfgang Reimann;5,80;69
494;438;Matthias Reimann-Andersen;5,80;57
495;438;Stefan Reimann-Andersen;5,80;58
496;438;Renate Reimann-Haas;5,80;70
415;438;Ruan Liping;5,80;58
416;438;Ruan Xueping;5,80;50
520;438;Charles Simonyi;5,80;73
377;438;John A. Sobrato and family;5,80;82
435;438;David Steward;5,80;70
396;438;Radovan Vitek;5,80;50
436;438;Les Wexner and family;5,80;84
2702;438;Aloys Wobben;5,80;70
522;438;Sam Zell;5,80;80
405;460;Anthony Bamford and family;5,70;76
2703;460;Rainer Blickle;5,70;74
447;460;Clive Calder;5,70;75
413;460;Frits Goldschmeding;5,70;88
516;460;Ananda Krishnan;5,70;84
633;460;Joe Mansueto;5,70;65
617;460;Odd Reitan and family;5,70;70
440;460;Antony Ressler;5,70;60
1420;460;Tang Xiao  ou;5,70;54
2704;460;Tse Ping;5,70;70
697;460;Ken Xie;5,70;59
258;471;Tilman Fertitta;5,60;64
502;471;Prajogo Pangestu;5,60;77
3136;471;Edward Roski Jr;5,60;83
463;471;Teddy Sagi;5,60;50
548;471;Thomas Straumann;5,60;58
379;471;David Sun;5,60;70
381;471;John Tu;5,60;80
509;471;Erich Wesjohann and family;5,60;76
2706;471;Xu Jinfu;5,60;58
425;480;Alexander Abramov;5,50;63
427;480;Neil Bluhm;5,50;84
320;480;Don Hankey;5,50;78
2707;480;Kwee brothers;5,50;64
542;480;Jane Lauder;5,50;49
649;480;Gwendolyn Sontheim Meyer;5,50;60
295;480;John Reece;5,50;65
214;480;Eric Smidt;5,50;62
362;480;Viktor Vekselberg;5,50;64
508;480;Ronald Wanek;5,50;80
426;490;Rene Benko;5,40;45
446;490;John Brown;5,40;87
1174;490;Chen Zhiping;5,40;46
292;490;Andrew Currie;5,40;66
552;490;Jim Davis and family;5,40;78
593;490;Charles Dolan and family;5,40;95
556;490;Tom Golisano;5,40;80
1606;490;Hui Wing Mau;5,40;71
210;490;Daniel Kretinsky;5,40;46
370;490;Massimiliana Landini Aleotti and family;5,40;79
432;490;Joe Lewis;5,40;85
599;490;Li Chunan;5,40;53
414;490;Lin Muqin and family;5,40;58
778;490;Shigenobu Nagamori;5,40;77
528;490;Kjell Inge Rokke;5,40;63
657;490;Wang Wenjing;5,40;57
2710;490;Chris Xu;5,40;38
622;490;Samuel Yin;5,40;71
510;490;M.A. Yusuff Ali;5,40;66
354;509;Denise Coates;5,30;54
365;509;Ken Fisher;5,30;71
629;509;Peter Grogg;5,30;80
612;509;Dietmar Hopp and family;5,30;81
431;509;Sumet Jiaravanon;5,30;87
392;509;Nathan Kirsh;5,30;90
600;509;Forrest Li;5,30;44
560;509;Rudolf Maag;5,30;76
506;509;Gary Rollins;5,30;77
546;509;Ugur Sahin;5,30;56
519;509;Mark Scheinberg;5,30;48
938;509;Shen Guojun;5,30;59
550;509;Chip Wilson;5,30;65
304;509;Zhang Yong;5,30;51
467;523;James Chambers;5,20;64
2711;523;Chen Fashu;5,20;61
438;523;Jaran Chiaravanont;5,20;92
234;523;Ravi Jaipuria;5,20;67
706;523;Koon Poh Keong;5,20;60
925;523;Li Liangbin;5,20;54
926;523;Liang Feng;5,20;53
476;523;Wolfgang Marguerre and family;5,20;80
479;523;Katharine Rayner;5,20;77
1980;523;Carlos Rodriguez-Pastor;5,20;62
483;523;Margaretta Taylor;5,20;79
2712;523;You Xiaoping;5,20;64
876;523;Eric Yuan and family;5,20;52
535;536;Robert Bass;5,10;74
511;536;Alexandre Behring;5,10;55
661;536;Chan Laiwa and family;5,10;81
319;536;Jeff Greene;5,10;67
2713;536;Montri Jiaravanont;5,10;91
525;536;Charles B. Johnson;5,10;89
500;536;Elizabeth Johnson;5,10;58
669;536;Lin Bin;5,10;54
867;536;Hiroshi Mikitani;5,10;57
713;536;Isaac Perlmutter;5,10;79
491;536;Michael Pieper;5,10;76
605;536;Issad Rebrab and family;5,10;78
743;536;Tsai Hong-tu;5,10;69
654;536;Richard Tsai;5,10;64
656;536;Wang Junshi and family;5,10;73
786;536;Wang Yanqing and family;5,10;55
659;552;Shari Arison;5,00;64
428;552;Alain Bouchard;5,00;73
722;552;Austen Cargill II.;5,00;71
723;552;James Cargill II.;5,00;72
700;552;Ben Chestnut;5,00;47
2716;552;Wei Fang;5,00;48
262;552;Leonid Fedun;5,00;66
326;552;Johann Graf;5,00;75
2717;552;Huang Chulong;5,00;63
797;552;Huang Yi;5,00;60
596;552;Vladimir Kim;5,00;61
707;552;Dan Kurzius;5,00;50
598;552;Ronald Lauder;5,00;78
733;552;Marianne Liebmann;5,00;68
709;552;Tobi Lutke;5,00;41
503;552;Thomas Pritzker;5,00;71
844;552;Scott Shleifer;5,00;44
182;552;Autry Stephens;5,00;83
678;552;Peter Thiel;5,00;54
762;552;Tsai Cheng-ta;5,00;72
608;552;Maximilian Viessmann;5,00;64
532;552;Hansjoerg Wyss;5,00;87
847;552;Xiao Yongming and family;5,00;57
566;552;Zhang Tao;5,00;49
452;552;Daniel Ziff;5,00;50
453;552;Dirk Ziff;5,00;58
454;552;Robert Ziff;5,00;55
2718;579;Kapil and Rahul Bhatia;4,90;64
488;579;Mat Ishbia;4,90;42
518;579;Robert Rich Jr.;4,90;81
450;579;Thomas Schmidheiny;4,90;76
547;579;Alexandra Schoerghuber and family;4,90;63
1017;579;Erik Selin;4,90;54
653;579;Daniel Tsai;4,90;65
536;586;Dona Bertarelli;4,80;54
2721;586;Andrei Guriev and family;4,80;62
920;586;Luciano Hang;4,80;59
922;586;Hu Baifan;4,80;59
558;586;Bidzina Ivanishvili;4,80;66
2722;586;Yeow Chor and Yeow Seng Lee;4,80;64
834;586;Leng Youbin;4,80;53
615;586;Theo Mueller;4,80;82
2723;586;Julian Robertson  Jr.;4,80;89
618;586;Marc Rowan;4,80;59
561;586;Emanuele Saputo and family;4,80;85
674;586;Jeff Skoll;4,80;57
655;586;Frank Wang;4,80;41
2724;586;Wang Junlin;4,80;59
849;586;Yang Shaopeng;4,80;64
580;601;Maria Fernanda Amorim and family;4,70;87
789;601;Leonid Boguslavsky;4,70;70
858;601;Richard Branson;4,70;71
2725;601;Robert Brockman;4,70;80
468;601;Pierre Chen;4,70;65
2726;601;Chu Mang Yee and family;4,70;62
684;601;Scott Cook;4,70;69
592;601;Mark Cuban;4,70;63
729;601;Guenther Fielmann and family;4,70;82
538;601;Martin Haefner;4,70;68
641;601;Johnelle Hunt;4,70;90
597;601;Andre Koo  Sr.;4,70;54
457;601;Lai Meisong;4,70;51
601;601;Richard Li;4,70;55
631;601;Mangal Prabhat Lodha;4,70;66
349;601;Igor Olenicoff;4,70;79
562;601;Mark Shoen;4,70;71
274;601;Andrei Skoch and family;4,70;56
606;601;Fred Smith;4,70;77
549;601;Murat Ulker;4,70;63
579;601;Yu Yong;4,70;61
624;622;Stephane Bancel;4,60;49
384;622;Bubba Cathy;4,60;67
385;622;Dan Cathy;4,60;69
386;622;Trudy Cathy White;4,60;66
582;622;Jason Chang;4,60;77
554;622;Dagmar Dolby and family;4,60;80
1120;622;Bruce Flatt;4,60;56
2729;622;Masatoshi Ito;4,60;97
154;622;Viatcheslav Kantor;4,60;68
666;622;Min Kao and family;4,60;73
1008;622;Lin Xiucheng and family;4,60;66
527;622;Sami Mnaymneh;4,60;60
529;622;Tony Tamer;4,60;64
484;622;Richard White;4,60;67
2730;622;Baoguo Zhu and family;4,60;59
567;637;Michael Ashley;4,50;57
534;637;Ron Baron;4,50;78
591;637;Bert Beveridge;4,50;60
497;637;Todd Boehly;4,50;48
390;637;David Bonderman;4,50;79
2731;637;Guo Guangchang;4,50;55
643;637;Daryl Katz;4,50;60
2732;637;Ted Lerner and family;4,50;96
1200;637;Falguni Nayar;4,50;59
759;637;Trevor Rees-Jones;4,50;70
869;637;J. Joe Ricketts and family;4,50;80
462;637;Robert Rowling;4,50;68
742;637;Mark Stevens;4,50;62
1160;637;Gustav Magnar Witzoe;4,50;28
2733;637;Xie Liangzhi and family;4,50;56
1429;637;Yeung Kin-man;4,50;58
331;637;Zhang Hejun;4,50;64
679;654;Andrej Babis;4,40;67
728;654;Giuseppe De Longhi and family;4,40;82
750;654;Barry Diller;4,40;80
630;654;Christian Haub;4,40;57
770;654;Huang Li;4,40;58
642;654;Marian Ilitch;4,40;89
167;654;Suleiman Kerimov and family;4,40;56
802;654;Edwin Leong;4,40;70
1248;654;Lu Yiwen;4,40;35
616;654;N.R. Narayana Murthy;4,40;75
1309;654;Yang Jianliang and family;4,40;52
660;665;Pyotr Aven;4,30;67
1168;665;Joesley Batista;4,30;50
1169;665;Wesley Batista;4,30;49
625;665;Margot Birmingham Perot;4,30;88
498;665;Rick Caruso;4,30;63
627;665;Jim Davis;4,30;62
829;665;Walter P.J. Droege;4,30;69
473;665;Dan Friedkin;4,30;57
514;665;Gao Dekang and family;4,30;70
686;665;Antti Herlin;4,30;65
730;665;W. Herbert Hunt;4,30;93
773;665;Jason Jiang;4,30;49
664;665;Rupert Johnson  Jr.;4,30;81
458;665;Vikram Lal and family;4,30;80
1469;665;Lam Wai-ying;4,30;64
1392;665;Chris Larsen;4,30;61
784;665;Richard Schulze;4,30;81
481;665;Paul Singer;4,30;77
607;665;Barry Sternlicht;4,30;61
1096;665;Su Hua;4,30;40
507;665;Mark Walter;4,30;61
521;665;Ty Warner;4,30;77
445;687;Rinat Akhmetov;4,20;55
2738;687;Martin and Olivier Bouygues;4,20;64
569;687;Bernard Broermann;4,20;78
726;687;Mong-Koo Chung;4,20;84
822;687;Daniel DAniello;4,20;75
2739;687;Traudl Engelhorn and family;4,20;95
472;687;Piero Ferrari;4,20;76
585;687;Carlo Fidani;4,20;67
769;687;Yakir Gabay;4,20;55
794;687;Jaime Gilinski Bacal;4,20;64
960;687;Bertil Hult;4,20;81
755;687;Martha Ingram and family;4,20;86
2740;687;Lee Yin Yee;4,20;70
835;687;Daniel Loeb;4,20;60
545;687;Janice McNair;4,20;85
1013;687;Ajay Piramal;4,20;66
675;687;Lynsi Snyder;4,20;39
694;687;Peter Spuhler;4,20;62
696;687;Kerry Stokes;4,20;81
652;687;Jon Stryker;4,20;63
944;687;Vincent Viola;4,20;66
531;687;Romesh T. Wadhwani;4,20;74
611;709;Juan Domingo Beckmann Legorreta and family;4,10;54
628;709;Rafael Del Pino;4,10;63
1233;709;Sergey Dmitriev;4,10;56
919;709;Senapathy Gopalakrishnan;4,10;67
474;709;James Irving;4,10;94
924;709;Lee Boo-jin;4,10;51
801;709;Samuel Tak Lee;4,10;82
575;709;Thai Lee;4,10;63
668;709;Eric Lefkofsky;4,10;52
2742;709;Weiguo Li;4,10;57
2743;709;Ermirio Pereira de Moraes and family;4,10;89
2744;709;Maria Helena Moraes Scripilliti and family;4,10;91
2745;709;Augusto and Giorgio Perfetti;4,10;64
588;709;Thomas Secunda;4,10;67
715;709;Shaul Shani;4,10;67
673;709;E. Joe Shoen;4,10;72
763;709;Steven Udvar-Hazy;4,10;76
609;709;Russ Weiner;4,10;51
2746;709;Guanjiang Wu and family;4,10;53
2747;728;Anil Agarwal and family;4,00;68
853;728;Somphote Ahunai;4,00;54
486;728;Patrizio Bertelli;4,00;76
753;728;Rakesh Gangwal;4,00;68
1284;728;Paul Gauselmann and family;4,00;87
1383;728;Hao Hong;4,00;66
2044;728;He Xiaopeng;4,00;44
420;728;Michael Herz;4,00;78
421;728;Wolfgang Herz;4,00;71
448;728;Arthur Irving;4,00;92
2748;728;Victor Jacobsson;4,00;40
667;728;Marc Ladreit de Lacharriere;4,00;81
833;728;Patrick Lee;4,00;80
1396;728;Max Lytvyn;4,00;42
1010;728;Gilles Martin;4,00;58
272;728;Ramzi Musallam;4,00;53
1052;728;Georg Nemetschek and family;4,00;88
891;728;Akio Nitori;4,00;78
779;728;Daniel Och;4,00;61
577;728;Pankaj Patel;4,00;69
1012;728;John Paulson;4,00;66
492;728;Miuccia Prada;4,00;72
672;728;Jean Pritzker;4,00;59
810;728;Juan Roig;4,00;72
933;728;David Rubenstein;4,00;72
783;728;Howard Schultz;4,00;68
1411;728;Alex Shevchenko;4,00;42
563;728;Dan Snyder;4,00;57
717;728;Jerzy Starak;4,00;74
2750;728;Udo and Harald Tschira;4,00;64
565;728;Kelcy Warren;4,00;66
658;728;Herbert Wertheim;4,00;82
2385;728;Cameron Winklevoss;4,00;40
2386;728;Tyler Winklevoss;4,00;40
533;728;Denise York and family;4,00;71
1215;728;Zhao Lixin;4,00;56
681;764;Hubert Burda;3,90;82
749;764;Francesco Gaetano Caltagirone;3,90;79
555;764;Marcos Galperin;3,90;64
756;764;Li Xiang;3,90;40
803;764;Stephen Mandel Jr.;3,90;66
737;764;Gabe Newell;3,90;59
1011;764;Maja Oeri;3,90;67
2751;764;Paolo and Gianfelice Mario Rocca;3,90;64
2752;764;Neil Shen;3,90;54
451;764;Helmut Sohmen;3,90;82
695;764;Donald Sterling;3,90;87
343;764;Don Vultaggio and family;3,90;70
2753;764;Yiling Wu;3,90;72
2754;764;Gongshan Zhu;3,90;64
581;778;Gayle Benson;3,80;75
993;778;William Conway Jr.;3,80;72
953;778;Gurbachan Singh Dhingra;3,80;71
954;778;Kuldip Singh Dhingra;3,80;74
685;778;Luca Garavoglia;3,80;53
2756;778;Vinod and Anil Rai Gupta;3,80;64
570;778;Jimmy Haslam;3,80;68
1002;778;Susan Carol Holland;3,80;65
645;778;Timur Kulibaev;3,80;55
646;778;Dinara Kulibaeva;3,80;54
543;778;Michel Leclercq and family;3,80;82
889;778;Pablo Legorreta;3,80;58
836;778;Margarita Louis-Dreyfus and family;3,80;59
434;778;Michael Milken;3,80;75
1141;778;Denis O  Brien;3,80;63
972;778;Katharina Otto-Bernstein;3,80;58
1201;778;James Packer;3,80;54
482;778;Sergio Stevanato and family;3,80;79
871;778;Leena Tewari;3,80;64
785;778;Yitzhak Tshuva;3,80;73
1363;778;Paul-Heinz Wesjohann and family;3,80;78
816;778;Zeng Fangqin;3,80;56
948;778;Zhou Bajin;3,80;86
767;801;William Berkley;3,70;75
683;801;John Catsimatidis;3,70;73
2758;801;Che Jianxing;3,70;55
2759;801;Gustavo Denegri;3,70;85
956;801;Charles Edelstenne;3,70;84
959;801;Reed Hastings;3,70;61
862;801;Amos Hostetter  Jr.;3,70;85
771;801;Brad Jacobs;3,70;65
1005;801;Friedrich Knapp;3,70;70
865;801;William Lauder;3,70;61
775;801;Richard LeFrak and family;3,70;76
1192;801;Li Guoqiang;3,70;58
56;801;Low Tuck Kwong;3,70;73
1086;801;Akira Mori and family;3,70;85
781;801;Anthony Pritzker;3,70;61
838;801;Ira Rennert;3,70;87
714;801;Bernard Saul II.;3,70;89
2760;801;Shi Yonghong and family;3,70;53
2761;801;Song Chi-hyung;3,70;43
716;801;Steven Spielberg;3,70;75
1101;801;Wong Luen Hei;3,70;60
680;822;Danielle Bellon and family;3,60;82
2762;822;Byju Raveendran and Divya Gokulnath;3,60;40
949;822;Cho Tak Wong;3,60;75
768;822;Charles Cohen;3,60;70
727;822;Kenneth Dart;3,60;66
955;822;Martin Ebner;3,60;76
916;822;David Filo;3,60;55
1121;822;Miguel Fluxa Rossello;3,60;83
704;822;John Henry;3,60;72
640;822;Hu Kaijun;3,60;60
798;822;Peter Kellogg;3,60;79
1612;822;James Leprino;3,60;84
313;822;Iskander Makhmudov;3,60;58
967;822;Daniel Mate;3,60;58
929;822;Aristotelis Mistakidis;3,60;60
693;822;Arturo Moreno;3,60;75
2763;822;Nan Cunhui;3,60;58
892;822;Julio Ponce Lerou;3,60;76
809;822;J.B. Pritzker;3,60;57
758;822;Chandru Raheja;3,60;81
893;822;Rodger Riney and family;3,60;76
2764;822;Shi Yuzhu;3,60;59
589;822;Zuowen Song;3,60;75
2765;822;Jerry Speyer;3,60;81
1210;822;Julia Thiele-Schuerhoff;3,60;50
813;822;Tung Chee Chen;3,60;79
1267;822;Roger Wang;3,60;73
945;822;Wu Shaoxun;3,60;66
2766;822;Wenzhong Zhang;3,60;60
910;851;Chen Kaixuan;3,50;63
792;851;Beatriz Davila de Santo Domingo;3,50;83
912;851;Antonio Del Valle Ruiz and family;3,50;83
1180;851;Carl Douglas;3,50;60
1181;851;Eric Douglas;3,50;53
2767;851;Jiangtao Du and family;3,50;52
638;851;Juan Carlos Escotet;3,50;62
1182;851;Fiona Geminder;3,50;57
2768;851;Yuhua Gu and family;3,50;72
731;851;James Irsay;3,50;62
962;851;Kuok Khoon Hong;3,50;72
963;851;Aerin Lauder;3,50;51
1044;851;Lee Seo-hyun;3,50;48
2770;851;Li Yongxin and family;3,50;46
2771;851;Jeffrey Lurie;3,50;70
690;851;Mary Alice Dorrance Malone;3,50;72
1050;851;Ronald McAulay;3,50;86
2603;851;Apoorva Mehta;3,50;35
890;851;Arnon Milchan;3,50;77
806;851;Masahiro Noda;3,50;83
1091;851;Maren Otto;3,50;64
976;851;Renzo Rosso and family;3,50;66
2772;851;Lynn Schusterman;3,50;83
897;851;Gil Shwed;3,50;53
845;851;Thomas Siebel;3,50;69
870;851;Herb Simon;3,50;87
977;851;Friede Springer;3,50;79
1362;851;Wang Zhenhua;3,50;60
873;851;Hans Peter Wild;3,50;80
1064;851;William Wrigley  Jr.;3,50;58
815;851;Xia Zuoquan;3,50;60
903;851;Xue Hua;3,50;52
878;883;Mohed Altrad;3,40;74
699;883;Sid Bass;3,40;79
682;883;Nick Caporella;3,40;86
1226;883;Cheng Yixiao;3,40;38
751;883;Wesley Edens;3,40;60
637;883;Behdad Eghbali;3,40;45
471;883;Archie Aldis Emmerson and family;3,40;92
639;883;Jose E. Feliciano;3,40;48
885;883;Fu Liquan and family;3,40;54
2773;883;David Gottesman;3,40;95
861;883;Laurence Graff and family;3,40;83
958;883;Jeff T. Green;3,40;45
774;883;Jim Kavanaugh;3,40;59
864;883;Steven Klinsky;3,40;65
866;883;John Middleton;3,40;67
2774;883;Jerry Ng;3,40;56
1549;883;Tengyun Nie and family;3,40;46
1089;883;Nandan Nilekani;3,40;66
868;883;Bob Parsons;3,40;71
837;883;Prasert Prasarttong-Osoth;3,40;89
2775;883;Qiu Guanghe and family;3,40;70
1351;883;Richard Sands;3,40;71
1016;883;Robert Sands;3,40;63
1557;883;T. Denny Sanford;3,40;86
895;883;Naguib Sawiris;3,40;67
266;883;Pavel Tykac;3,40;57
902;883;Todd Wanek;3,40;58
1100;883;Meg Whitman;3,40;65
848;883;Michael Xie;3,40;53
1102;883;Chenghai Ye and family;3,40;78
2776;913;An Kang;3,30;73
879;913;John Arnold;3,30;48
908;913;Arun Bharat Ram;3,30;81
568;913;Tomasz Biernacki;3,30;49
1435;913;Travis Boersma;3,30;51
990;913;Chan Tan Ching-fen;3,30;64
2777;913;Dongsheng Chen;3,30;64
994;913;Jean Coutu and family;3,30;94
1446;913;Ralph Dommermuth;3,30;58
883;913;Walter Faria;3,30;67
793;913;Bob Gaglardi;3,30;81
886;913;John Gandel;3,30;87
1287;913;Xuande Hua and family;3,30;78
515;913;Micky Jagtiani;3,30;70
571;913;H. Fisk Johnson;3,30;63
572;913;S. Curtis Johnson;3,30;66
573;913;Helen Johnson-Leipold;3,30;65
961;913;Miguel Krigsner;3,30;72
1045;913;Li Jianquan and family;3,30;65
1007;913;Lin Ming-hsiung;3,30;72
576;913;Winifred J. Marquart;3,30;62
1481;913;Kiran Mazumdar-Shaw;3,30;69
1140;913;Patrice Motsepe;3,30;60
738;913;Alfred Oetker;3,30;55
739;913;Carl Ferdinand Oetker;3,30;49
740;913;Julia Oetker;3,30;43
971;913;Or Wai Sheun;3,30;70
650;913;Jay Paul;3,30;74
780;913;Horst Paulmann and family;3,30;87
975;913;Theodore Rachmat;3,30;78
782;913;John Sall;3,30;74
872;913;Stefan von Holtzbrinck;3,30;58
744;913;Nusli Wadia;3,30;78
946;913;Steve Wynn;3,30;80
1310;913;Yang Weidong and family;3,30;53
851;913;Barry Zekelman;3,30;55
2778;913;Zhang Shilong and family;3,30;56
1803;913;Zhong Ruonong and family;3,30;59
1647;951;Cameron Adams;3,20;42
2779;951;Dongchen Cai;3,20;69
724;951;Vanich Chaiyawan;3,20;90
2780;951;Andrew and Peggy Cherng;3,20;64
1032;951;James Clark;3,20;78
1115;951;Jack Cowin;3,20;79
821;951;Giuseppe Crippa and family;3,20;86
918;951;Sergei Galitsky;3,20;54
2781;951;Ernest Garcia  III;3,20;39
887;951;Peter Gilgan;3,20;71
754;951;Joseph Grendys;3,20;60
663;951;Thomas Hagen;3,20;86
539;951;Robert Hale  Jr.;3,20;55
921;951;Michael Hintze;3,20;68
795;951;Pansy Ho;3,20;59
796;951;Alan Howard;3,20;58
1128;951;Kei Hoi Pang;3,20;56
2782;951;Rudy Ma;3,20;81
1084;951;Najib Mikati;3,20;66
1085;951;Taha Mikati;3,20;77
710;951;Gail Miller;3,20;78
1054;951;Vikas Oberoi;3,20;51
757;951;H. Ross Perot Jr.;3,20;63
2783;951;Candido Pinheiro Koren de Lima;3,20;75
1552;951;Matthew Prince;3,20;47
974;951;Penny Pritzker;3,20;62
760;951;Yasumitsu Shigeta;3,20;57
2784;951;Sebastian Siemiatkowski;3,20;40
2785;951;Barry Silbert;3,20;45
1063;951;Daniel Sundheim;3,20;45
978;951;Rita Tong Liu;3,20;73
1709;951;Tran Dinh Long;3,20;61
720;951;Zhang Daocai;3,20;72
1031;984;John Caudwell;3,10;69
2786;984;Philippe Foriel-Destezet;3,10;86
884;984;Walter Frey;3,10;78
860;984;Alessandra Garavoglia;3,10;62
831;984;Peter Gassner;3,10;57
1285;984;Mitchell Goldhar;3,10;60
1039;984;Otto Happel;3,10;74
1286;984;Peter Hargreaves;3,10;75
1331;984;Bom Kim;3,10;43
2787;984;Gaiteng Li;3,10;49
2788;984;Liufa Li and family;3,10;64
1195;984;Lu Weiding;3,10;51
1009;984;Harsh Mariwala;3,10;70
927;984;Samir Mehta;3,10;58
928;984;Sudhir Mehta;3,10;67
2789;984;Pawan Munjal and family;3,10;68
2790;984;Nguyen Thi Phuong Thao;3,10;51
1093;984;Madhukar Parekh;3,10;75
973;984;Sergei Popov;3,10;50
1059;984;Haim Saban;3,10;77
1061;984;Karthik Sarma;3,10;47
935;984;Klaus-Peter Schulenberg;3,10;70
940;984;Pat Stryker;3,10;65
1260;984;Jeff Sutton;3,10;62
947;984;Jon Yarbrough;3,10;64
1023;984;Gang Ye;3,10;41
875;984;Yi Zheng;3,10;51
1569;984;Zhang Fan;3,10;56
852;1012;William Ackman;3,00;55
857;1012;Markus Blocher;3,00;51
626;1012;Neal Blue and family;3,00;87
987;1012;Eva Maria Bucher-Haefner;3,00;65
1920;1012;Chang Kuo-Hua;3,00;67
991;1012;Todd Christopher;3,00;59
1072;1012;Euisun Chung;3,00;51
1035;1012;Bernard Ecclestone and family;3,00;91
1036;1012;Michael Federmann and family;3,00;78
1040;1012;Gudrun Heine;3,00;67
2791;1012;Heidi Horten;3,00;81
2792;1012;Dawen Huang;3,00;61
964;1012;Sheldon Lavin;3,00;89
1540;1012;Li Min;3,00;56
1138;1012;Liang Yunchao;3,00;53
614;1012;Joseph Liemandt;3,00;53
1616;1012;Strive Masiyiwa;3,00;61
805;1012;Masahiro Miki;3,00;66
1293;1012;Pan Laican;3,00;64
1146;1012;Karsanbhai Patel;3,00;78
1057;1012;Arvind Poddar;3,00;64
841;1012;Remo Ruffini;3,00;60
2613;1012;Eddy Kusnadi Sariaatmadja;3,00;68
1062;1012;Sybill Storz;3,00;84
812;1012;Lawrence Stroll;3,00;62
2793;1012;Wijono and Hermanto Tanoko;3,00;64
1878;1012;Michael Tojner;3,00;56
1265;1012;Donald Trump;3,00;75
1304;1012;Tsai Ming-kai;3,00;71
2794;1012;John Tyson;3,00;68
719;1012;Rufino Vigil Gonzalez;3,00;73
1884;1012;Ning Wang and family;3,00;35
409;1012;Wang Yusuo and family;3,00;58
2795;1012;Zhigang Wu and family;3,00;87
1642;1012;Xie Juhua and family;3,00;71
1431;1012;Oren Zeev;3,00;57
877;1012;Charles Zegar;3,00;74
2796;1012;Zhang Lei;3,00;49
2797;1012;Zhang Xin and Pan Shiyi;3,00;56
551;1012;Zhu Yan and family;3,00;64
1311;1012;Mortimer Zuckerman;3,00;84
1105;1053;Juan Abello;2,90;80
1312;1053;John Armitage;2,90;62
1729;1053;Bang Si-hyuk;2,90;49
1171;1053;Miriam Baumann-Blocher;2,90;47
1221;1053;Riley Bechtel and family;2,90;70
1521;1053;Wilhelm Beier and family;2,90;65
984;1053;Nicolas Berggruen;2,90;60
2798;1053;Bui Thanh Nhon;2,90;64
1029;1053;Cao Longxiang and family;2,90;64
952;1053;Deng Wen;2,90;54
1825;1053;Daniel Dines;2,90;50
1234;1053;Joseph Edelman;2,90;66
1117;1053;N. Murray Edwards;2,90;62
1458;1053;Jane Goldman;2,90;66
1599;1053;Guo Zhenyu and family;2,90;58
1183;1053;Stewart Horejsi and family;2,90;84
1185;1053;Zhenda Huang and family;2,90;74
688;1053;Jeremy Jacobs Sr. and family;2,90;82
2799;1053;Hamilton James;2,90;70
1675;1053;Valentin Kipyatkov;2,90;45
1137;1053;Li Zhongchu;2,90;58
1049;1053;Martin Lorentzon;2,90;53
1083;1053;Drayton McLane  Jr.;2,90;85
1090;1053;Benjamin Otto;2,90;64
931;1053;Roger Penske;2,90;85
1697;1053;Olivier Pomel;2,90;45
480;1053;Jean Salata;2,90;56
1300;1053;Arnout Schuijff;2,90;54
2801;1053;Shen Hua and family;2,90;59
1019;1053;Martua Sitorus;2,90;62
1559;1053;Zygmunt Solorz-Zak;2,90;65
939;1053;Warren Stephens;2,90;65
1419;1053;Tang Jinkui and family;2,90;66
1710;1053;Alan Trefler;2,90;66
1636;1053;Masateru Uno and family;2,90;75
980;1053;Frank VanderSloot;2,90;73
1162;1053;Guangming Wu;2,90;60
1427;1053;Kai Wu;2,90;54
1898;1053;Ye Fan and family;2,90;51
981;1053;Yoo Jung-hyun;2,90;52
2802;1053;Fenggang Zhao;2,90;56
1802;1053;Zheng Xiaodong;2,90;58
1066;1053;Zhou Jianping;2,90;61
1104;1096;Jose Joao Abdalla Filho;2,80;76
1272;1096;Brian Acton;2,80;50
1218;1096;Bill Alfond;2,80;73
1219;1096;Susan Alfond;2,80;76
1220;1096;Ted Alfond;2,80;77
1165;1096;Felix Baker;2,80;53
1166;1096;Julian Baker;2,80;55
905;1096;Karen Virginia Beckmann Legoretta;2,80;52
819;1096;Maurizio Billi;2,80;64
1276;1096;Otto Philipp Braun;2,80;44
1069;1096;Garrett Camp;2,80;43
1440;1096;Cao Ji;2,80;70
2803;1096;Hua Chen;2,80;56
1034;1096;John Paul DeJoria;2,80;77
1444;1096;Beda Diethelm;2,80;81
1321;1096;K. Dinesh;2,80;67
1593;1096;Dong Fan;2,80;52
882;1096;Bennett Dorrance;2,80;76
1279;1096;Marcel Erni;2,80;57
1119;1096;Abhay Firodia;2,80;77
1283;1096;Alfred Gantner;2,80;54
2804;1096;Allan Goldman;2,80;79
1529;1096;Amy Goldman Fowler;2,80;67
1240;1096;J. Tomilson Hill;2,80;73
687;1096;Hong Jie;2,80;54
1389;1096;James Jannard;2,80;72
705;1096;Travis Kalanick;2,80;45
1536;1096;Diane Kemper;2,80;76
1677;1096;George Kurtz;2,80;51
888;1096;Kwek Leng Beng;2,80;81
1131;1096;Geoffrey Kwok;2,80;36
2805;1096;Lai Jianping;2,80;64
1135;1096;Maritsa Lazari and family;2,80;77
1762;1096;Alexis Le-Quoc;2,80;47
1136;1096;Angela Leong;2,80;61
1247;1096;Lin Chen-hai;2,80;75
1196;1096;Sergio Mantegazza;2,80;94
1197;1096;Hans Melchers;2,80;83
777;1096;Tom Morris;2,80;67
1484;1096;Eugene Murtagh;2,80;79
1088;1096;Philip Niarchos;2,80;68
1145;1096;Pan Dong;2,80;57
1094;1096;Sean Parker;2,80;42
1147;1096;Richard Peery;2,80;83
1055;1096;Gregorio Perez Companc and family;2,80;86
1056;1096;Sebastian Pinera and family;2,80;72
1203;1096;Nicholas Pritzker;2,80;78
1151;1096;Jeff Rothschild;2,80;67
1205;1096;Steven Sarowitz;2,80;56
937;1096;Isabella Seragnoli;2,80;76
898;1096;Stephen Smith;2,80;70
1414;1096;William Stone;2,80;66
2806;1096;Sun Hongbin;2,80;59
1097;1096;Sun Shoukuan;2,80;72
1261;1096;Henry Sy  Jr.;2,80;69
1262;1096;Andrew Tan;2,80;70
1790;1096;Kenneth Tuchman;2,80;62
1099;1096;Tung Chee Hwa;2,80;84
1159;1096;Bulat Utemuratov;2,80;64
1212;1096;Anna Katharina Viessmann;2,80;64
1361;1096;Xicheng Wang and family;2,80;73
1307;1096;Urs Wietlisbach;2,80;60
1161;1096;Wong Man Li;2,80;57
1270;1096;Xie Weitong;2,80;65
2807;1096;Xu Chuanhua and family;2,80;87
1024;1096;Ye Xiaoping;2,80;59
2808;1096;Weiguo Zhao;2,80;55
1164;1163;Ben Ashkenazy;2,70;52
880;1163;Bill Austin;2,70;80
1520;1163;Pavel Baudis;2,70;61
1170;1163;Yvonne Bauer;2,70;45
906;1163;Giuliana Benetton;2,70;84
907;1163;Luciano Benetton;2,70;86
1372;1163;Aneel Bhusri;2,70;56
985;1163;George Bishop;2,70;84
1224;1163;Vivek Chand Burman;2,70;84
1317;1163;Morris Chang;2,70;90
2809;1163;Jinxia Chen;2,70;54
859;1163;Cho Jung-ho;2,70;63
1820;1163;Jack Cockwell;2,70;81
996;1163;Edward DeBartolo Jr.;2,70;75
1278;1163;Abilio dos Santos Diniz;2,70;85
1179;1163;John Dorrance  III.;2,70;78
2810;1163;Hailiang Feng;2,70;61
1452;1163;Xingjiang Gao;2,70;58
1001;1163;Carlos Hank Rhon;2,70;74
1004;1163;Vivek Jain;2,70;66
1244;1163;Brad Kelley;2,70;65
1187;1163;Alicia Koplowitz;2,70;68
1046;1163;Li Li;2,70;56
1198;1163;C. Dean Metropoulos;2,70;75
1143;1163;Dan Olsson;2,70;75
1294;1163;Tor Peterson;2,70;57
1255;1163;John Pritzker;2,70;68
619;1163;Hussain Sajwani;2,70;69
1098;1163;Tseng Cheng;2,70;60
1308;1163;Jerry Yang;2,70;53
904;1163;Takao Yasuda;2,70;72
1512;1163;Yu Qibing and family;2,70;56
2400;1163;Zhang Xuezheng;2,70;46
982;1196;Abdulla bin Ahmad Al Ghurair and family;2,60;64
1027;1196;Isak Andic and family;2,60;68
1110;1196;Harindarpal Banga;2,60;71
1112;1196;Anne Beaufour;2,60;58
1113;1196;Henri Beaufour;2,60;56
1653;1196;Sanjeev Bikhchandani;2,60;58
986;1196;Norman Braman;2,60;89
1374;1196;J. Hyatt Brown;2,60;84
1070;1196;Chen Lip Keong;2,60;74
790;1196;Jim Coulter;2,60;62
1924;1196;Federico De Nora;2,60;54
1378;1196;Dong Wei;2,60;51
1235;1196;Sandeep Engineer;2,60;60
2811;1196;Alceu Elias Feldmann;2,60;72
1118;1196;Frank Fertitta  III.;2,60;60
1076;1196;Lorenzo Fertitta;2,60;53
1280;1196;Doris Fisher;2,60;90
1238;1196;Alec Gores;2,60;69
2040;1196;Rajinder Gupta;2,60;63
689;1196;Igor Kesaev;2,60;55
2812;1196;Raj Kumar and Kishin RK;2,60;67
1246;1196;Li Hongxin and family;2,60;69
2070;1196;Liu Fangyi;2,60;52
1960;1196;Lu Zhongfang;2,60;79
1482;1196;Nirmal Minda;2,60;64
969;1196;Farhad Moshiri;2,60;66
1199;1196;Hans Georg Naeder;2,60;60
1254;1196;Eren Ozmen;2,60;63
1696;1196;Ronald Perelman;2,60;79
932;1196;Ravi Pillai;2,60;68
1295;1196;Daniel Pritzker;2,60;62
1299;1196;Matthias Reinhart;2,60;62
1204;1196;Alejandro Santo Domingo;2,60;45
843;1196;Vivek Chaand Sehgal;2,60;65
1412;1196;Kavitark Ram Shriram;2,60;65
1301;1196;Hans Sy;2,60;66
1302;1196;Herbert Sy;2,60;65
677;1196;Tahir and family;2,60;70
1504;1196;Wang Linpeng;2,60;53
1426;1196;David Wertheim;2,60;64
1268;1196;Oprah Winfrey;2,60;68
2814;1196;Xingming Zhu;2,60;55
1273;1238;Abdulla Al Futtaim and family;2,50;64
1106;1238;Suhail Bahwan;2,50;83
1111;1238;Ulrike Baro;2,50;64
1167;1238;David Baszucki;2,50;59
1222;1238;Thor Bjorgolfsson;2,50;55
1223;1238;Charles Bronfman;2,50;90
1585;1238;Chen Qiongxiang;2,50;64
1277;1238;Chen Tei-fu;2,50;73
2815;1238;Chuchat Petaumpai and Daonapa Petampai;2,50;69
1229;1238;Leon G. Cooperman;2,50;78
1073;1238;Smita Crishna-Godrej;2,50;71
1033;1238;Jacques D  Amours;2,50;65
1177;1238;Maria Del Pino;2,50;66
2816;1238;Yoichi and Keiko Erikawa;2,50;64
1281;1238;Gerald Ford;2,50;77
1078;1238;Adi Godrej;2,50;80
1079;1238;Jamshyd Godrej;2,50;73
1124;1238;Nadir Godrej;2,50;71
1457;1238;Sanjiv Goenka;2,50;61
1459;1238;Stein Erik Hagen;2,50;65
1041;1238;Donald Horton and family;2,50;72
1531;1238;Hu Yangzhong;2,50;57
1242;1238;Baba Kalyani;2,50;73
1334;1238;Stephen Lansdown;2,50;69
1191;1238;Mark Leonard and family;2,50;65
2068;1238;William Li;2,50;47
2071;1238;K.C. Liu;2,50;68
1048;1238;Liu Xiaodong;2,50;54
1544;1238;Aloke Lohia;2,50;63
804;1238;Mohamed Mansour;2,50;74
1339;1238;Kishore Mariwala;2,50;87
1291;1238;Jed McCaleb;2,50;47
2817;1238;Enhua Mi;2,50;64
1250;1238;Willy Michel;2,50;75
1251;1238;Lachhman Das Mittal;2,50;91
968;1238;Ravi Modi;2,50;45
1399;1238;Charles Munger;2,50;98
1087;1238;Rishad Naoroji;2,50;70
2818;1238;Yongpei Ni and family;2,50;70
1292;1238;Fatih Ozmen;2,50;64
1256;1238;Qiu Minxiu;2,50;76
1095;1238;Stewart Rahr;2,50;76
1406;1238;Prathap Reddy;2,50;90
1408;1238;Chad Richison;2,50;51
842;1238;Karin Sartorius-Herbst;2,50;64
1153;1238;Christiane Schoeller;2,50;64
1705;1238;Suh Kyung-bae;2,50;59
1157;1238;Glen Taylor;2,50;80
389;1238;Nadia Thiele;2,50;46
1792;1238;Wang Minwen;2,50;58
1430;1238;Huijiao Yu;2,50;56
1514;1238;Zhang Ning and family;2,50;48
1515;1238;Zhao Tao;2,50;56
1216;1238;Hongyi Zhou;2,50;51
2135;1292;Rajendra Agarwal;2,40;63
1368;1292;George Argyros and family;2,40;85
1274;1292;Edward Bass;2,40;76
2143;1292;Banwari Lal Bawri;2,40;69
2024;1292;Girdhari Lal Bawri;2,40;74
1318;1292;Chao Teng-hsiung;2,40;77
2819;1292;Zhisong Chen;2,40;56
1817;1292;Chey Tae-won;2,40;61
1071;1292;Choo Chong Ngen;2,40;68
950;1292;John Coates;2,40;52
1589;1292;Alexandra Daitch;2,40;59
2820;1292;Chetan Dube;2,40;56
1324;1292;Daniel Ek;2,40;39
1325;1292;John Fisher;2,40;60
1282;1292;Bernard Fraisse and family;2,40;65
1527;1292;William Franke;2,40;84
1601;1292;Caroline Hagen Kjos;2,40;38
1333;1292;Lam Kong;2,40;57
1133;1292;Hans Langer;2,40;70
1679;1292;Joe Lau;2,40;32
1335;1292;Kevin David Lehmann;2,40;19
1855;1292;Liang Qin and family;2,40;50
1194;1292;Peter Lim;2,40;68
1615;1292;Sarah MacMillan;2,40;68
1290;1292;Kalanithi Maran;2,40;56
1345;1292;Lirio Parisotto;2,40;68
1298;1292;Rajan Raheja and family;2,40;67
2821;1292;Alberto Roemmers;2,40;95
1060;1292;Rodney Sacks;2,40;72
1257;1292;Ferit Faik Sahenk;2,40;58
934;1292;Hilton Schlosberg;2,40;69
1353;1292;Alberto Siccardi and family;2,40;77
1154;1292;Salil Singhal;2,40;74
1632;1292;Lucy Stitzer;2,40;62
1562;1292;Otto Toto Sugiri;2,40;68
1416;1292;Harley Sy;2,40;62
1417;1292;Teresita Sy-Coson;2,40;71
1418;1292;Katsumi Tada;2,40;76
1355;1292;Tang Yiu;2,40;88
2000;1292;Jeff Tangney;2,40;49
1421;1292;Lottie Tham and family;2,40;72
1357;1292;T.Y. Tsai;2,40;69
979;1292;Timur Turlov;2,40;34
1503;1292;Hamdi Ulukaya;2,40;49
1266;1292;Peter Unger;2,40;77
1714;1292;Nikil Viswanathan;2,40;34
1890;1292;Anthony Wood;2,40;56
1645;1292;Zhang Hongwei;2,40;67
1724;1292;Zhang Li;2,40;69
2822;1341;Houshan Bai;2,30;58
1434;1341;Alex Beard;2,30;54
1275;1341;Koos Bekker;2,30;69
1438;1341;William Boyd and family;2,30;90
1316;1341;Timothy Boyle;2,30;72
1439;1341;Anand Burman;2,30;69
1173;1341;Richard Chandler;2,30;63
1656;1341;R.G. Chandramogan;2,30;73
2823;1341;Cho Young-sik;2,30;60
1320;1341;Chu Lam Yiu;2,30;52
1733;1341;Kommer Damen;2,30;78
1231;1341;Henry Davis;2,30;71
1176;1341;Ray Davis;2,30;80
752;1341;Stephen Feinberg;2,30;62
1037;1341;Kenneth Feld and family;2,30;73
1123;1341;Alexander Frolov;2,30;57
1528;1341;Mario Germano Giuliani;2,30;50
1237;1341;Serge Godin;2,30;72
1381;1341;Noam Gottesman;2,30;60
2824;1341;Philip and Cristina Green;2,30;70
1669;1341;Yusuf Hamied;2,30;85
1239;1341;Bill Haslam;2,30;63
1385;1341;Hans-Werner Hector;2,30;82
1939;1341;Ho Hung Anh;2,30;51
1462;1341;Douglas Hsu;2,30;79
1327;1341;Erman Ilicak;2,30;54
1841;1341;Zhaobai Jiang;2,30;58
1753;1341;Osman Kibar;2,30;51
1188;1341;Adam Kwok;2,30;39
1134;1341;Frank Laukien;2,30;62
1190;1341;Louis Le Duff;2,30;75
1393;1341;Solomon Lew;2,30;77
1541;1341;Liang Rubo;2,30;39
1542;1341;Liang Zhaoxian;2,30;57
1249;1341;Prayudh Mahagitsiri;2,30;76
1340;1341;Clayton Mathile;2,30;81
1051;1341;Erwin Franz Mueller;2,30;89
1343;1341;David Murdock;2,30;98
1971;1341;Rubens Ometto Silveira Mello;2,30;72
2825;1341;Erik Paulsson and family;2,30;80
1403;1341;Heloise Pratt;2,30;59
1297;1341;Qiu Jianping and family;2,30;60
839;1341;Dirk Rossmann and family;2,30;75
1700;1341;Karin Schick;2,30;64
1352;1341;Stephan Schmidheiny;2,30;74
1258;1341;Wenrong Shen;2,30;76
1020;1341;Guangxin Sun;2,30;59
2826;1341;Mengquan Sun and family;2,30;72
1158;1341;Thomas Tull;2,30;51
1305;1341;Ted Turner;2,30;83
1306;1341;David Walentas;2,30;83
2827;1341;Yingming Wu;2,30;55
2828;1341;Yingzhuo Xu;2,30;54
1366;1341;Christoph Zeller;2,30;64
1571;1341;Zhang Wanzhen;2,30;72
2829;1341;Xiaojuan Zhang;2,30;52
1519;1397;Michael Ashcroft;2,20;76
2830;1397;Alex Atallah;2,20;30
1373;1397;Brett Blundy;2,20;62
2831;1397;Chris Britt;2,20;49
1172;1397;Cen Junda;2,20;57
1230;1397;Yadu Hari Dalmia and family;2,20;74
2832;1397;Zhenggang Dou;2,20;68
2163;1397;Weimin Du;2,20;58
2833;1397;Devin Finzer;2,20;31
1122;1397;Robert Friedland;2,20;71
1666;1397;Phillip Frost;2,20;85
1382;1397;Jeffrey Gundlach;2,20;63
1530;1397;John Hancock;2,20;46
1326;1397;Georg Haub;2,20;60
1461;1397;Hortensia Herrero;2,20;71
1605;1397;B. Wayne Hughes  Jr.;2,20;61
1330;1397;Bruce Karsh;2,20;66
1537;1397;Shlomo Kramer;2,20;56
1132;1397;Jonathan Kwok;2,20;30
2834;1397;Christian Latouche;2,20;81
1539;1397;Martin Lau;2,20;49
1853;1397;Li Wa;2,20;56
1394;1397;Liang Xinjun;2,20;54
1473;1397;Lin Chang Su-O;2,20;81
1543;1397;Lin Fanlian;2,20;60
1767;1397;Lin Lairong and family;2,20;53
1476;1397;Daniel Lubetzky;2,20;53
1398;1397;Howard Marks;2,20;75
1547;1397;Craig McCaw;2,20;72
1139;1397;Vincent McMahon;2,20;76
1483;1397;Mu Rongjun;2,20;42
970;1397;Jonathan Nelson;2,20;65
1555;1397;Bianca Rinehart;2,20;45
1556;1397;Ginia Rinehart;2,20;35
1350;1397;Filiz Sahenk;2,20;55
1704;1397;S.D. Shibulal;2,20;67
1500;1397;Alexander Svetakov;2,20;54
900;1397;Jeffrey Talpins;2,20;47
2835;1397;Ming Tian;2,20;68
1263;1397;Arvind Tiku;2,20;52
1501;1397;Torsten Toeller;2,20;55
1711;1397;Riaz Valani;2,20;45
1712;1397;Pieter van der Does;2,20;52
1360;1397;Lang Walker;2,20;76
1566;1397;Hope Welker;2,20;36
1364;1397;Xie Bingkun and family;2,20;55
1567;1397;William Young;2,20;81
1573;1397;Zhou Jian;2,20;45
2836;1445;Bill and Jean Adderley and family;2,10;64
1517;1445;Mohamed Al Fayed;2,10;93
1649;1445;Faisal Bin Qassim Al Thani;2,10;74
1651;1445;Masaaki Arai;2,10;56
223;1445;Tatyana Bakalchuk;2,10;46
1313;1445;Lee Bass;2,10;65
1028;1445;Alberto Bombassei;2,10;81
1731;1445;Jim Breyer;2,10;60
909;1445;Ron Burkle;2,10;69
2837;1445;Chen Huwen;2,10;51
2838;1445;Chen Huxiong;2,10;51
2152;1445;Chen Xuehua;2,10;61
1441;1445;Bruce Cheng;2,10;86
951;1445;Ryan Cohen;2,10;36
1377;1445;Dermot Desmond;2,10;71
2840;1445;Fred Ehrsam;2,10;33
1737;1445;John Elkann;2,10;46
1449;1445;Bob Ell;2,10;77
2841;1445;Fang Xiaoliang and family;2,10;63
917;1445;Lindsay Fox;2,10;84
2292;1445;Gary Friedman;2,10;64
1453;1445;Gordon Getty;2,10;88
1455;1445;Dennis Gillings;2,10;77
1456;1445;Harsh Goenka;2,10;64
2842;1445;David Hains;2,10;91
1460;1445;Bahaa Hariri;2,10;55
1384;1445;Shmuel Harlap;2,10;77
1744;1445;Gerry Harvey;2,10;82
1603;1445;Reid Hoffman;2,10;54
1184;1445;Hou Juncheng;2,10;57
1388;1445;Thomas James;2,10;79
1847;1445;Eiichi Kuriwada;2,10;75
1288;1445;Kwek Leng Kee;2,10;67
1391;1445;Lai Shixian;2,10;47
1761;1445;Lau Cho Kun;2,10;86
2192;1445;Lee Hae-jin;2,10;54
1395;1445;Harald Link;2,10;67
1959;1445;Liu Xiucai and family;2,10;65
2843;1445;Yangyong Luo and family;2,10;46
1397;1445;Igor Makarov;2,10;60
1546;1445;Alexander Mamut;2,10;62
1687;1445;David Mindus;2,10;50
1144;1445;Yuji Otsuka;2,10;68
1551;1445;Clive Palmer;2,10;68
1620;1445;Ajay Parekh;2,10;64
1621;1445;Narendrakumar Parekh;2,10;83
2844;1445;Xiangdong Qi;2,10;51
2845;1445;Jianhua Ren;2,10;65
1410;1445;Alice Schwartz;2,10;95
1631;1445;Peter Sondakh;2,10;72
2234;1445;Song Fei;2,10;55
1496;1445;Timothy Springer;2,10;74
2846;1445;Suyu Su and family;2,10;73
1633;1445;Elizabeth Sy;2,10;69
1021;1445;Sukanto Tanoto;2,10;72
1358;1445;Jayshree Ullal;2,10;61
1022;1445;Sunny Varkey;2,10;64
1638;1445;Jitendra Virwani;2,10;56
1640;1445;Wang Ren-sheng;2,10;90
1424;1445;Wang Wenmo;2,10;65
1718;1445;Thomas Wu;2,10;72
1891;1445;Wu Ying;2,10;57
1720;1445;Amy Wyss;2,10;51
1894;1445;Xiang Guangming and family;2,10;58
1365;1445;Xu Shugen;2,10;56
1897;1445;Steven Meng Yang and family;2,10;39
1432;1445;Clayton Zekelman;2,10;53
1572;1445;Hongfei Zhao;2,10;47
1217;1513;S. Daniel Abraham;2,00;97
1906;1513;Aziz Akhannouch and family;2,00;61
1518;1513;Andrey Andreev;2,00;48
855;1513;Ramon Ang;2,00;68
2847;1513;Guilherme Benchimol;2,00;45
1578;1513;Julio Bozano;2,00;86
2415;1513;Ryan Breslow;2,00;27
1522;1513;Cao Jianwei;2,00;43
1225;1513;Herb Chambers;2,00;80
1443;1513;Daniel Chiu;2,00;61
1659;1513;Tim Cook;2,00;61
911;1513;Brunello Cucinelli and family;2,00;68
1447;1513;Georgi Domuschiev;2,00;49
1448;1513;Kiril Domuschiev;2,00;52
1116;1513;Glenn Dubin;2,00;64
1322;1513;James Duff;2,00;61
1323;1513;Thomas Duff;2,00;65
1664;1513;Robert Duggan;2,00;77
1526;1513;Maria Franca Fissolo;2,00;87
1928;1513;Fu Mingkang and family;2,00;59
1747;1513;Jay Hennick;2,00;65
2301;1513;Orion Hindawi;2,00;42
772;1513;Ji Qi;2,00;55
1754;1513;Kim Chang-soo;2,00;61
799;1513;Vyacheslav Kim;2,00;52
2848;1513;Kuan Kam Hon and family;2,00;74
1006;1513;Egor Kulkov;2,00;50
800;1513;Josh Kushner;2,00;36
1189;1513;Henry Laufer;2,00;76
2849;1513;Thomas Lee;2,00;78
2064;1513;Michael Lee-Chin;2,00;71
2850;1513;Li Xuhui;2,00;53
1338;1513;Lim Kok Thay;2,00;70
1682;1513;Joao Roberto Marinho;2,00;68
1683;1513;Jose Roberto Marinho;2,00;66
1684;1513;Roberto Irineu Marinho;2,00;74
1858;1513;Jim McKelvey;2,00;56
1617;1513;Robert Miller;2,00;88
1344;1513;David Nahmad;2,00;74
1487;1513;Florentino Perez;2,00;75
1622;1513;Jennifer Pritzker;2,00;71
1553;1513;Linda Pritzker;2,00;68
2220;1513;P.V. Ramprasad Reddy;2,00;64
1781;1513;Joe Rogers  Jr.;2,00;75
1782;1513;Ruan Shuilong and family;2,00;86
894;1513;Phil Ruffin;2,00;87
1699;1513;Vinod Saraf;2,00;69
1206;1513;Maria-Elisabeth Schaeffler-Thumann;2,00;80
1702;1513;Genhuo Shao;2,00;56
1703;1513;Shen Xiqiang and family;2,00;74
1630;1513;Shi Wen-long;2,00;94
1494;1513;Thaksin Shinawatra;2,00;72
1155;1513;Alexander Skorobogatko;2,00;54
1561;1513;Sylvia Stroeher;2,00;66
1564;1513;Wichai Thongtang;2,00;75
1715;1513;Todd Wagner;2,00;61
2244;1513;Wang Jianguo;2,00;62
2112;1513;Shuifu Wang;2,00;67
2851;1513;Wenbiao Wang;2,00;65
2852;1513;Kanye West;2,00;44
1716;1513;Evan Williams;2,00;50
1893;1513;Zhongyi Wu;2,00;48
2853;1513;Zhihan Xu;2,00;49
1721;1513;Yan Zhi;2,00;49
1511;1513;Michael Ying;2,00;72
2124;1513;Yuan Liping;2,00;51
1516;1579;Anu Aga;1,90;79
1067;1579;Joy Alukkas;1,90;65
1371;1579;Sezai Bacaksiz;1,90;72
2854;1579;Baokun Bai;1,90;52
856;1579;Acharya Balkrishna;1,90;49
2141;1579;Kiki Barki;1,90;82
2025;1579;John Bloor;1,90;78
1580;1579;Nicola Bulgari;1,90;81
1655;1579;Alejandro Bulgheroni;1,90;77
1732;1579;Chen Kaichen;1,90;64
1175;1579;Fernando Chico Pardo;1,90;70
2855;1579;Jose Luis Cutrale;1,90;75
1662;1579;D. Leopoldo Del Pino;1,90;59
1592;1579;James Dinan;1,90;62
1738;1579;Francois Feuillet and family;1,90;73
2856;1579;Guangming Fu and family;1,90;68
1740;1579;Mario Gabelli;1,90;80
2036;1579;Reinold Geiger;1,90;74
1937;1579;He Zhenggang;1,90;68
2857;1579;Roberto Hernandez Ramirez;1,90;80
2173;1579;Hoi Kin Hong;1,90;69
1533;1579;Huang Qiaoling;1,90;63
1390;1579;Willis Johnson;1,90;74
1752;1579;Keeree Kanjanapas;1,90;71
2858;1579;Kim Dae-il;1,90;42
2859;1579;Kim Hyoung-nyon;1,90;46
644;1579;Andrei Kozitsyn;1,90;61
1468;1579;Thomas Kwok;1,90;70
1763;1579;Lei Jufang;1,90;69
1613;1579;David Lichtenstein;1,90;60
1614;1579;Lin Dingqiang and family;1,90;55
776;1579;Mikhail Lomtadze;1,90;46
1477;1579;Melissa Ma;1,90;64
1771;1579;Yusaku Maezawa;1,90;46
1480;1579;Katarina Martinson;1,90;40
2860;1579;Shouliang Miao;1,90;67
1964;1579;Romano Minozzi;1,90;87
736;1579;Pedro Moreira Salles;1,90;62
1485;1579;Alexander Nesis;1,90;59
2212;1579;Nguyen Dang Quang;1,90;58
1550;1579;Oei Hong Leong;1,90;74
1693;1579;Nihat Ozdemir;1,90;72
2087;1579;Gretel Packer;1,90;56
1694;1579;Benjamin Zhengmin Pan and family;1,90;52
1488;1579;Victor Pinchuk;1,90;61
1202;1579;Alexander Ponomarenko;1,90;57
2862;1579;Qi Jinxing;1,90;60
1625;1579;Larry Robbins;1,90;52
1626;1579;Dwight Schar;1,90;80
1493;1579;Shi Yifeng;1,90;48
2505;1579;Sun Hongjun;1,90;48
2107;1579;Anand Surana;1,90;51
2108;1579;Dilip Surana;1,90;56
676;1579;Djoko Susanto;1,90;72
1707;1579;Sze Man Bok;1,90;72
1788;1579;Alain Taravella;1,90;74
1713;1579;Martin Viessmann;1,90;68
1359;1579;Georg von Opel;1,90;55
2863;1579;Changtian Wang;1,90;56
1639;1579;Wang Chaobin;1,90;66
1791;1579;Wang Chou-hsiong;1,90;81
2382;1579;Wang Xiaoshen;1,90;53
1507;1579;Wei Yin-Heng;1,90;63
1895;1579;Xue Xiangdong and family;1,90;63
1513;1579;Yuan Fugen and family;1,90;71
1800;1579;David Zalik;1,90;48
1650;1645;Leslie Alexander;1,80;78
854;1645;Igor Altushkin;1,80;51
1575;1645;Roberto Angelini Rossi;1,80;73
2022;1645;Nigel Austin;1,80;51
2864;1645;Bang Jun-hyuk;1,80;53
1654;1645;O. Francis Biondi;1,80;57
2865;1645;Chang Byung-gyu;1,80;48
2551;1645;Chang Kuo-Ming;1,80;64
2866;1645;Chen Gang;1,80;54
2426;1645;Liying Chen;1,80;46
1376;1645;Chen Xueli;1,80;70
1442;1645;Chi Yufeng;1,80;51
1660;1645;Mark Coombs;1,80;61
1821;1645;Tench Coxe;1,80;64
1661;1645;John de Mol;1,80;67
1826;1645;Alfredo Egydio Arruda Villela Filho;1,80;52
499;1645;Ibrahim Erdemoglu;1,80;59
2167;1645;Philip Fayer;1,80;64
1450;1645;Paul Foster;1,80;64
1665;1645;James France;1,80;77
1739;1645;Yasuhiro Fukushima;1,80;74
2867;1645;Zhongru Gan;1,80;73
2445;1645;Rahul Gautam;1,80;69
2037;1645;Ali Ghodsi;1,80;43
1831;1645;Giammaria Giuliani;1,80;44
1668;1645;Christopher Goldsbury;1,80;79
1743;1645;Alexandre Grendene Bartelle;1,80;72
1600;1645;Surjit Kumar Gupta;1,80;80
1670;1645;Brian Higgins;1,80;57
2455;1645;David Hindawi;1,80;77
2868;1645;Chengzhong Hu;1,80;61
1463;1645;Huang Min;1,80;48
1838;1645;Stanley Hubbard;1,80;88
1839;1645;Hui Lin Chit;1,80;68
1750;1645;Hal Jackman;1,80;89
1942;1645;Stephen Jarislowsky;1,80;96
2869;1645;Mark and Robyn Jones;1,80;64
2181;1645;George Joseph;1,80;100
2308;1645;Kim Kardashian;1,80;41
1609;1645;Dominika Kulczyk;1,80;44
1610;1645;Edward Lampert;1,80;59
1470;1645;Marc Lasry;1,80;61
2597;1645;Michiel Le Roux;1,80;72
1951;1645;Peter Leibinger;1,80;55
1952;1645;Regine Leibinger;1,80;59
1953;1645;Nicola Leibinger-Kammueller;1,80;62
1245;1645;Wolfgang Leitner;1,80;69
2871;1645;Liu Zhongtian and family;1,80;58
1545;1645;Bill Malhotra;1,80;72
2204;1645;Charlwin Mao;1,80;64
2205;1645;George Marcus;1,80;80
2206;1645;Yves-Loic Martin;1,80;56
1685;1645;Gary Michelson;1,80;73
1686;1645;Robert G. Miller;1,80;76
735;1645;Fernando Roberto Moreira Salles;1,80;75
691;1645;Joao Moreira Salles;1,80;60
692;1645;Walther Moreira Salles Junior;1,80;65
2872;1645;Zugen Ni;1,80;65
1861;1645;Liora Ofer;1,80;68
1775;1645;Mrudula Parekh;1,80;74
2090;1645;David Paul;1,80;55
1695;1645;Pierre Karl Peladeau;1,80;60
2873;1645;Miranda Qu;1,80;37
1405;1645;Phillip T. (Terry) Ragon;1,80;72
1623;1645;G. Rajendran;1,80;79
1698;1645;Krit Ratanarak;1,80;75
1407;1645;Jerry Reinsdorf;1,80;86
2095;1645;Mochtar Riady and family;1,80;92
1786;1645;Rajju Shroff;1,80;88
1989;1645;Frank Slootman;1,80;63
1415;1645;Henry Swieca;1,80;64
2001;1645;Yuequn Tao;1,80;62
2241;1645;Robert Toennies;1,80;43
718;1645;Torbjorn Tornqvist;1,80;68
2874;1645;Zhenghua Wang;1,80;77
1641;1645;Charlotte Colket Weber;1,80;79
1796;1645;Wu Lanlan and family;1,80;48
1892;1645;Wu Yulan;1,80;52
1509;1645;Elaine Wynn;1,80;79
2393;1645;Xu Shijun and family;1,80;59
1510;1645;Xu Xudong and family;1,80;52
1798;1645;Yang Xuegang;1,80;57
2125;1645;Zhang Chuanwei and family;1,80;59
2875;1645;Xuexin Zhang and family;1,80;74
1804;1729;Noubar Afeyan;1,70;59
2406;1729;Farkhad Akhmedov;1,70;66
1726;1729;Marc Andreessen;1,70;50
1314;1729;John Bicket;1,70;42
1915;1729;Zadik Bino and family;1,70;78
1811;1729;Alex Birkenstock;1,70;53
1812;1729;Christian Birkenstock;1,70;49
1315;1729;Sanjit Biswas;1,70;40
1730;1729;David Booth;1,70;76
1813;1729;Josef Boquoi and family;1,70;88
1917;1729;Saket Burman;1,70;45
2876;1729;Mingtong Cai;1,70;70
1816;1729;Chen Yung-tai;1,70;86
1587;1729;Manas Chiaravanond;1,70;64
1524;1729;Phongthep Chiaravanont;1,70;70
1818;1729;Ivan Chrenko;1,70;54
1590;1729;Sol Daurella;1,70;56
2877;1729;Dulce Pugliese de Godoy Bueno;1,70;74
1823;1729;Norbert Dentressangle;1,70;67
1232;1729;Oleg Deripaska;1,70;54
914;1729;Dong Jinggui;1,70;52
1736;1729;Keith Dunleavy and family;1,70;52
2878;1729;Donald Foss;1,70;77
1741;1729;Rolf Gerling;1,70;67
1931;1729;G. Gnanalingam;1,70;77
1745;1729;He Zhaoxi;1,70;48
1746;1729;William Heinecke;1,70;72
2879;1729;Huh Jae-myung;1,70;50
1840;1729;Tianjiang Jia and family;1,70;59
1535;1729;Michael Jordan;1,70;59
1186;1729;Dmitry Kamenshchik;1,70;53
2051;1729;Kim Taek-jin;1,70;55
1676;1729;Koo Kwang-mo;1,70;44
1849;1729;Anthony Langley;1,70;67
2475;1729;Lee Joong-keun;1,70;81
1764;1729;James Leininger;1,70;77
1336;1729;Li Haiyan;1,70;64
1954;1729;Li Jianli;1,70;49
2880;1729;Weiwei Li;1,70;45
2197;1729;Li Zhigang;1,70;45
1766;1729;Jimmy John Liautaud;1,70;58
1680;1729;Louise Lindh;1,70;42
1768;1729;Lu Di;1,70;64
1478;1729;Anand Mahindra;1,70;66
1963;1729;Bruce Mathieson;1,70;78
2881;1729;Billy Joe (Red) McCombs;1,70;94
2079;1729;Deepak Mehta;1,70;65
1966;1729;Mario Moretti Polegato and family;1,70;69
1774;1729;Alberto Palatchi;1,70;72
1974;1729;Nelson Peltz;1,70;79
1777;1729;Jorge Perez;1,70;72
1348;1729;Alberto Prada;1,70;68
1349;1729;Marina Prada;1,70;76
2094;1729;M.Satyanarayana Reddy;1,70;64
2096;1729;Rihanna;1,70;34
840;1729;Arkady Rotenberg;1,70;70
1208;1729;Dieter Schnabel;1,70;76
1870;1729;Shang Xiaobo and family;1,70;48
2882;1729;Shao Qinxiang;1,70;67
2883;1729;Renate Sick-Glaser;1,70;64
1988;1729;Basudeo Singh;1,70;81
1498;1729;Edward Stack;1,70;67
2884;1729;Weijie Sun;1,70;58
2511;1729;Vonnarat Tangkaravakoon;1,70;50
1264;1729;Byron Trott;1,70;63
2885;1729;Jan Van Geet;1,70;50
1423;1729;Radha Vembu;1,70;49
2886;1729;Patrizio Vinciarelli;1,70;75
2887;1729;Mingwang Wang;1,70;54
786;1729;Wang Yanqing and family;1,70;75
2518;1729;Lars Wingefors;1,70;45
1794;1729;Stephen Winn;1,70;75
1795;1729;Ian Wood and family;1,70;79
2010;1729;Gordon Wu;1,70;86
2524;1729;Wu Xiangdong;1,70;53
2122;1729;Yao Kuizhang;1,70;57
1799;1729;Vladimir Yevtushenkov;1,70;73
2889;1729;Dasheng Yi;1,70;61
1900;1729;Yu Lili;1,70;54
1723;1729;Alan Zekelman;1,70;59
2890;1729;Kaitian Zeng;1,70;47
1367;1729;Zhang Jingzhang and family;1,70;86
2891;1729;Zhang Yubai;1,70;57
2892;1729;Zheng Hong and family;1,70;71
2893;1729;Zhong Peifeng;1,70;59
2019;1729;Zhou Zongwen and family;1,70;65
2537;1729;Zhu Yiming;1,70;49
2894;1729;Zhaojiang Zhu;1,70;48
1646;1729;Anita Zucker;1,70;70
1806;1818;Herbert Allen  Jr. and family;1,60;82
1807;1818;Vasily Anisimov;1,60;70
1912;1818;Mori Arkin;1,60;69
983;1818;Semahat Sevim Arsel;1,60;93
1808;1818;Clifford Asness;1,60;55
1809;1818;Louis Bacon;1,60;65
2145;1818;Hari Bhartia;1,60;65
2146;1818;Shyam Bhartia;1,60;69
2027;1818;Amit Burman;1,60;52
881;1818;Chen Shibin;1,60;55
1815;1818;Chen Tianshi;1,60;37
1819;1818;Robert Clark;1,60;63
1923;1818;Ana Lucia de Mattos Barretto Villela;1,60;48
1663;1818;Diao Zhizhong;1,60;58
1824;1818;Jamie Dimon;1,60;66
1827;1818;Gary Fegel;1,60;48
2568;1818;Gao Yunfeng;1,60;55
1930;1818;Philippe Ginestet and family;1,60;68
1077;1818;Sebastian Glaser;1,60;64
1000;1818;Sam Goi;1,60;75
2038;1818;Lance Gokongwei;1,60;54
957;1818;Sergei Gordeev;1,60;49
1832;1818;Bill Gross;1,60;77
1833;1818;Sue Gross;1,60;72
1934;1818;Patrick Hanrahan;1,60;66
2895;1818;Lutz Mario Helmig;1,60;75
1748;1818;Ilkka Herlin;1,60;63
1749;1818;Asok Kumar Hiranandani;1,60;67
2896;1818;Hu Kunhui;1,60;31
1940;1818;Archie Hwang;1,60;69
1464;1818;Jared Isaacman;1,60;39
2177;1818;Anurang Jain;1,60;60
1674;1818;Jin Lei and family;1,60;67
2466;1818;Sunjay Kapur;1,60;50
1608;1818;Richard Kayne;1,60;76
1844;1818;Randal J. Kirk;1,60;68
1948;1818;Jim Koch;1,60;72
1845;1818;William Koch;1,60;81
2187;1818;Kagemasa Kozuki;1,60;81
2473;1818;Arvind Lal;1,60;72
1848;1818;Robert Langer;1,60;73
1472;1818;Theodore Leonsis;1,60;66
2897;1818;David Xueling Li;1,60;49
2194;1818;Li Denghai;1,60;72
2317;1818;Li Guoqing;1,60;52
1955;1818;Li Jiaquan;1,60;58
1956;1818;Li Rucheng;1,60;70
1852;1818;Li Sze Lim;1,60;65
2196;1818;Li Yongqing;1,60;57
2898;1818;Lim Wee Chai;1,60;64
2899;1818;Liu Aisen and family;1,60;49
2072;1818;Liu Ming Chung;1,60;59
1856;1818;Vincent Lo;1,60;73
2074;1818;Brandt Louie;1,60;78
1289;1818;Catherine Lozick;1,60;76
1961;1818;Lu Zongjun;1,60;58
2201;1818;Lv Jianming;1,60;57
2324;1818;Cargill MacMillan  III.;1,60;62
1770;1818;Duncan MacMillan;1,60;84
2325;1818;John MacMillan;1,60;72
2326;1818;Martha MacMillan;1,60;70
2327;1818;William MacMillan;1,60;67
1857;1818;Terence (Terry) Matthews;1,60;79
2213;1818;Kazuo Okada;1,60;79
1253;1818;Tomas Olivo Lopez;1,60;48
2900;1818;Jorge Pinheiro Koren de Lima;1,60;49
2901;1818;Candido Pinheiro Koren de Lima Junior;1,60;51
2346;1818;Qian Ying;1,60;56
2902;1818;Ren Jinsheng and family;1,60;59
1780;1818;Brian Roberts;1,60;62
2903;1818;Austin Russell;1,60;27
2612;1818;George Sakellaris;1,60;75
1983;1818;Sheryl Sandberg;1,60;52
1868;1818;Andres Santo Domingo;1,60;43
1783;1818;Paul Saville;1,60;66
2904;1818;Ivan Savvidis;1,60;63
2905;1818;Michael Saylor;1,60;57
2355;1818;Gerald Schwartz;1,60;80
2906;1818;Sathien Setthasit;1,60;67
2907;1818;Niraj Shah;1,60;48
1785;1818;Keiichi Shibahara;1,60;57
1872;1818;Evgeny (Eugene) Shvidler;1,60;58
1873;1818;Ryan Smith;1,60;43
1875;1818;Peter Sperling;1,60;62
2367;1818;Ion Stoica;1,60;57
1706;1818;Bambang Sutantio;1,60;63
2909;1818;Lili Tan;1,60;64
2509;1818;Tan Yu Yeh;1,60;51
2002;1818;David Teoh;1,60;66
901;1818;Carl Thoma;1,60;73
1565;1818;Ion Tiriac;1,60;82
2240;1818;Clemens Toennies;1,60;65
2004;1818;Tran Ba Duong and family;1,60;62
1880;1818;Tseng Sing-ai;1,60;64
2910;1818;Tung Ching Bor;1,60;59
2513;1818;Tung Ching Sai;1,60;57
1885;1818;Scott Watterson;1,60;66
1505;1818;Wei Ing-Chou;1,60;68
1506;1818;Wei Yin-Chun;1,60;65
1508;1818;Wei Ying-Chiao;1,60;67
1793;1818;Tom Werner;1,60;71
1717;1818;Kie Chie Wong;1,60;74
2121;1818;Xu Guozhong and family;1,60;58
2395;1818;Xu Yuejuan;1,60;60
2911;1818;Yang Tingdong;1,60;61
2123;1818;Yu Peidi;1,60;62
2398;1818;Matei Zaharia;1,60;36
817;1818;Zhang Jian;1,60;53
2912;1818;Keqiang Zhang;1,60;61
2129;1818;Zheng Jianjiang and family;1,60;61
2130;1818;Zhong Sheng Jian;1,60;64
2020;1929;Antti Aarnio-Wihuri;1,50;82
1907;1929;Hamdi Akin and family;1,50;67
2136;1929;Chirayu Amin;1,50;75
2913;1929;Joachim Ante;1,50;39
2139;1929;Ziv Aviram;1,50;63
2266;1929;Danna Azrieli;1,50;54
2267;1929;Naomi Azrieli;1,50;56
2268;1929;Sharon Azrieli;1,50;61
1728;1929;Lesley Bamberger;1,50;56
2271;1929;Bernhard Braun-Luedicke;1,50;45
2272;1929;Eva Maria Braun-Luedicke;1,50;35
2547;1929;Ana Maria Brescia Cafferata;1,50;97
1579;1929;Nikolai Buinov;1,50;54
1916;1929;Paolo Bulgari;1,50;84
2914;1929;Andres Bzurovski Bay;1,50;44
1918;1929;Ahmet Calik;1,50;64
2421;1929;Giuliana Caprotti;1,50;81
2422;1929;Marina Caprotti;1,50;44
2029;1929;Steve Case;1,50;63
1919;1929;Safra Catz;1,50;60
1657;1929;Binod Chaudhary;1,50;66
2424;1929;Chen Baohua;1,50;60
2915;1929;Xianbao Chen and family;1,50;62
2277;1929;Chung Yong-jin;1,50;53
2916;1929;Steve Conine;1,50;49
2157;1929;Eduardo Costantini;1,50;75
2158;1929;Wenjun Dai;1,50;53
1925;1929;Bharat Desai;1,50;69
1926;1929;Mohammed Dewji;1,50;46
2284;1929;Mathias Doepfner;1,50;59
1445;1929;Domenico Dolce;1,50;63
1735;1929;Marek Dospiva;1,50;52
1594;1929;Fritz Draexlmaier;1,50;64
2917;1929;Henrique Dubugras;1,50;26
1927;1929;Egon Durban;1,50;48
1595;1929;Bulent Eczacibasi;1,50;72
1596;1929;Faruk Eczacibasi;1,50;67
2435;1929;Henry Engelhardt;1,50;64
583;1929;Ali Erdemoglu;1,50;62
1597;1929;Eduardo Eurnekian;1,50;89
2034;1929;John Farber;1,50;96
2918;1929;Clement Fayat and family;1,50;90
2437;1929;Daniel Feffer;1,50;62
2289;1929;David Feffer;1,50;65
2438;1929;Ruben Feffer;1,50;52
2565;1929;Feng Yuxia;1,50;57
2919;1929;Sergio Fogel;1,50;58
2920;1929;Pedro Franceschi;1,50;25
1451;1929;Stefano Gabbana;1,50;59
2921;1929;Yi Gao and family;1,50;53
2922;1929;Geng Jianming;1,50;59
1929;1929;Alan Gerry;1,50;93
2294;1929;Balkrishan Goenka;1,50;55
1932;1929;Esther Grether;1,50;86
2923;1929;Gu Wei;1,50;57
2041;1929;Torstein Hagen;1,50;79
1935;1929;Kenneth Hao;1,50;53
2171;1929;He Zhiping;1,50;58
1835;1929;Timothy Headington;1,50;71
1836;1929;Ilona Herlin;1,50;57
1938;1929;Niranjan Hiranandani;1,50;72
2047;1929;Drew Houston;1,50;39
2924;1929;Huang Rulun;1,50;70
2925;1929;Matt Hulsizer;1,50;64
1328;1929;Justin Ishbia;1,50;44
1941;1929;Peter Jackson;1,50;60
2927;1929;Jin Lei;1,50;56
2179;1929;Jin Xin;1,50;55
2180;1929;Conni Jonsson;1,50;61
2928;1929;Jenny Just;1,50;54
1945;1929;Ke Xiping and family;1,50;61
2050;1929;Ke Zunhong and family;1,50;67
1947;1929;Sidney Kimmel;1,50;94
2186;1929;Seth Klarman;1,50;64
1129;1929;Mustafa Rahmi Koc;1,50;91
1846;1929;Pyotr Kondrashev;1,50;72
2592;1929;Kong Jian Min;1,50;54
2054;1929;Hemendra Kothari;1,50;75
2189;1929;Eduard Kucera;1,50;69
1758;1929;Christopher Kwok;1,50;36
1759;1929;Edward Kwok;1,50;41
1678;1929;Joe Lacob;1,50;66
1760;1929;Lai Jianfa;1,50;52
2474;1929;Manuel Lao Hernandez;1,50;77
2929;1929;Lee Joon-ho;1,50;57
2065;1929;Manfredi Lefebvre d  Ovidio and family;1,50;68
2067;1929;Li Jinyang;1,50;64
2930;1929;Li Ming;1,50;64
2320;1929;Zhen Li and family;1,50;58
2931;1929;Rongfu Lu;1,50;51
1479;1929;Rafique Malik;1,50;71
1962;1929;Youssef Mansour;1,50;76
2077;1929;Mao Lixiang and family;1,50;81
2078;1929;David McMurtry;1,50;81
1773;1929;Meng Qingshan and family;1,50;73
2333;1929;Alan Miller and family;1,50;84
1965;1929;Greg Mondre;1,50;47
1860;1929;Massimo Moratti;1,50;76
1967;1929;Robert Mouawad;1,50;77
1690;1929;Ezra Nahmad;1,50;76
2084;1929;Tadako Nakatani;1,50;64
1619;1929;Kentaro Ogawa;1,50;73
2339;1929;Jonathan Oringer;1,50;47
2086;1929;Niti Osathanugrah;1,50;48
1776;1929;Dragos Paval;1,50;55
2932;1929;Zach Perret;1,50;34
1976;1929;Karl-Johan Persson;1,50;47
2342;1929;Markus Persson;1,50;42
2091;1929;Tom Persson;1,50;37
2492;1929;Kevin Plank;1,50;49
1863;1929;Andreas Pohl;1,50;57
1864;1929;Reinfried Pohl  Jr.;1,50;62
1865;1929;Michael Polsky;1,50;73
2093;1929;Qin Long;1,50;56
2219;1929;G. M. Rao;1,50;71
1977;1929;Mike Repole;1,50;54
2222;1929;Fernando Roig;1,50;74
1981;1929;Christopher Rokos;1,50;51
2933;1929;Fayez Sarofim;1,50;93
2356;1929;Antonio Luiz Seabra;1,50;79
1984;1929;Amnon Shashua;1,50;61
1871;1929;Yuri Shefler;1,50;54
635;1929;Mikhail Shelkov;1,50;53
2106;1929;Charlotte Soderstrom;1,50;45
2361;1929;Edwin Soeryadjaya;1,50;72
1992;1929;Thomas Steyer;1,50;64
1995;1929;Kevin Systrom;1,50;38
1997;1929;Tang Binsen;1,50;39
2934;1929;Hary Tanoesoedibjo;1,50;56
1789;1929;Jonathan Tisch;1,50;68
2109;1929;Wilma Tisch;1,50;94
2005;1929;Kenny Troutt;1,50;74
2379;1929;Thomas von Koch;1,50;56
2245;1929;Junjin Wang;1,50;53
2114;1929;Wang Zelong;1,50;25
2248;1929;Myron Wentz;1,50;82
2935;1929;Kaiting Wu;1,50;52
2011;1929;Xiong Wu;1,50;46
2936;1929;Xu Wanmao;1,50;77
2012;1929;Xu Zhenhua;1,50;64
2527;1929;Xue Jiping;1,50;71
2937;1929;Yang Jian;1,50;50
2016;1929;Justin Yuan;1,50;64
2128;1929;Xinghai Zhang and family;1,50;59
2938;1929;Xuansong Zhang;1,50;50
2401;1929;Zhang Yin;1,50;65
2939;1929;Chengjian Zhou;1,50;56
2940;2076;Radhe Shyam Agarwal;1,40;77
1805;2076;Syed Mokhtar AlBukhary;1,40;70
1908;2076;Nerio Alessandri;1,40;60
1911;2076;Patricia Angelini Rossi;1,40;68
2264;2076;Tope Awotona;1,40;40
2142;2076;Elena Baturina;1,40;59
1652;2076;Sabrina Benetton;1,40;48
2416;2076;Thomas Bruch;1,40;71
2417;2076;Marina Budiman;1,40;60
2147;2076;Stewart Butterfield;1,40;49
2151;2076;Richard Chang;1,40;75
2941;2076;Chen Tianqiao;1,40;48
2030;2076;Chen Wenyuan and family;1,40;54
2557;2076;Cheng Antares;1,40;64
2154;2076;Chin Jong Hwa;1,40;63
2430;2076;Cho Jyh-jer;1,40;64
1822;2076;Jim Crane;1,40;68
2942;2076;Thierry Cruanes;1,40;54
2562;2076;Benoit Dageville;1,40;55
2431;2076;Weili Dai;1,40;60
2278;2076;Darwin Deason;1,40;81
2279;2076;Diego Della Valle;1,40;68
2433;2076;Deng Yingzhong;1,40;71
2282;2076;Ding Shui Po;1,40;51
2563;2076;Mark Dixon;1,40;62
2943;2076;Du Shuanghua;1,40;57
2944;2076;Mukand Lal Dua;1,40;73
2945;2076;Ramesh Kumar Dua;1,40;68
2946;2076;Fan Minhua;1,40;60
2947;2076;Hongbo Fang;1,40;55
1828;2076;William Foley  II.;1,40;77
1667;2076;Jayme Garfinkel and family;1,40;76
2949;2076;Radhe Shyam Goenka;1,40;76
2950;2076;Maggie Hardy Knox;1,40;56
2042;2076;Ayman Hariri;1,40;43
2045;2076;Christoph Henkel;1,40;64
2046;2076;Daniel Hirschfeld;1,40;80
2951;2076;William Hockey;1,40;32
2303;2076;Huang Guanlin;1,40;57
2457;2076;Huang Xiaofen and family;1,40;60
1241;2076;Jay-Z;1,40;52
1672;2076;Yintai Jiang and family;1,40;71
2583;2076;Johan Johannson;1,40;55
1944;2076;Ramesh Juneja;1,40;66
1607;2076;Scott Kapnick;1,40;63
540;2076;Viktor Kharitonin;1,40;49
1946;2076;Kim Jun-ki;1,40;77
2953;2076;Kim Sang-yeol;1,40;61
2312;2076;Christine Knauf;1,40;64
2313;2076;Karl Knauf;1,40;64
2472;2076;Yogesh Kothari;1,40;73
2954;2076;Kurt Krieger;1,40;74
1757;2076;Mustafa Kucuk;1,40;58
2055;2076;Sebastian Kulczyk;1,40;41
2191;2076;Gary Lauder;1,40;59
2193;2076;Art Levinson;1,40;72
1046;2076;Li Li;1,40;58
2321;2076;Guangwei Liang;1,40;58
1958;2076;Scott Lin;1,40;89
2069;2076;Jenny Linden Urnes;1,40;51
2073;2076;Anatoly Lomakin;1,40;69
2481;2076;Jeffrey Lorberbaum;1,40;67
2076;2076;Gary Magness;1,40;68
2955;2076;Zhongwu Mao;1,40;59
1772;2076;Ilson Mateus and family;1,40;59
1342;2076;Vadim Moshkovich;1,40;54
1968;2076;Jerry Moyes and family;1,40;78
2956;2076;George Alexander Muthoot;1,40;66
2957;2076;George Jacob Muthoot;1,40;69
2958;2076;George Thomas Muthoot;1,40;71
2959;2076;Sara George Muthoot;1,40;61
2083;2076;Marius Nacht;1,40;56
1400;2076;Adam Neumann;1,40;43
1618;2076;Simon Nixon;1,40;54
1970;2076;Stefan Olsson;1,40;73
1092;2076;Ranjan Pai;1,40;49
2491;2076;Antonio Percassi;1,40;68
2343;2076;Mark Pincus;1,40;56
1058;2076;Alexey Repik;1,40;42
2497;2076;Matthew Roszak;1,40;49
2098;2076;Subhash Runwal;1,40;78
2100;2076;Carlos Sanchez;1,40;60
2101;2076;Martin Selig;1,40;84
1558;2076;Bhadresh Shah;1,40;70
1627;2076;Shao Jianxiong;1,40;64
1495;2076;Shu Ping;1,40;52
1985;2076;Ben Silbermann;1,40;39
2105;2076;Jared Smith;1,40;47
2960;2076;Sun Qinghuan;1,40;48
2961;2076;Denis Sverdlov;1,40;43
1999;2076;Prachak Tangkaravakoon;1,40;78
2373;2076;Lina Tombolato;1,40;74
2962;2076;Tong Jinquan;1,40;67
2963;2076;Luiza Helena Trajano;1,40;70
2242;2076;John Van Lieshout;1,40;76
1637;2076;Vardis Vardinoyannis and family;1,40;89
2006;2076;Jens von Bahr;1,40;51
2380;2076;Wang Fuji;1,40;64
2964;2076;Wang Jian;1,40;68
2115;2076;Werner O. Weber;1,40;83
2247;2076;Wei Lidong and family;1,40;46
2384;2076;Drorit Wertheim;1,40;66
2118;2076;Bo Wu;1,40;67
2388;2076;Eugene Wu;1,40;76
2250;2076;Wu Xushun and family;1,40;73
2391;2076;Wenbo Xiang;1,40;59
2120;2076;Swift Xie;1,40;42
1797;2076;Xu Bingzhong;1,40;48
2252;2076;Xu Shaochun;1,40;59
2634;2076;Yan Junxu;1,40;52
1896;2076;George Yancopoulos;1,40;62
2965;2076;Gavril Yushvaev;1,40;64
2539;2076;Zhuo Jun;1,40;56
1904;2076;Fredrik Oesterberg;1,40;51
2021;2190;Alberto Alcocer;1,30;79
1909;2190;Alexandra Andresen;1,30;25
1910;2190;Katharina Andresen;1,30;26
2966;2190;Rutger Arnhult;1,30;54
2967;2190;Anant Asavabhokin;1,30;71
2265;2190;Mehmet Aydinlar;1,30;65
2023;2190;Binny Bansal;1,30;39
2140;2190;Sachin Bansal;1,30;40
1913;2190;Barbara Benetton;1,30;52
2144;2190;Othman Benjelloun and family;1,30;89
1914;2190;Angela Bennett;1,30;78
2414;2190;Oleg Boyko;1,30;57
2543;2190;Anna Maria Braun;1,30;43
2550;2190;Edouard Carmignac;1,30;74
2149;2190;Anthony Casalena;1,30;39
2423;2190;Chang Jing;1,30;39
2274;2190;Jeffrey Cheah;1,30;77
2554;2190;Chen Shiliang;1,30;58
2556;2190;Yuantai Chen;1,30;54
2276;2190;Cheng Xianfeng;1,30;53
1921;2190;Chu Jian;1,30;59
2031;2190;Chua Thian Poh;1,30;73
2156;2190;Alberto Cortina;1,30;76
1922;2190;Sandor Csanyi;1,30;69
2032;2190;Sasson Dayan and family;1,30;82
2159;2190;Anand Deshpande;1,30;59
2281;2190;Richard Desmond;1,30;70
2434;2190;Shlomo Eliahu;1,30;86
2286;2190;Jose Roberto Ermirio de Moraes;1,30;64
2287;2190;Jose Ermirio de Moraes Neto;1,30;69
2968;2190;David Fattal and family;1,30;64
2168;2190;Marvy Finger;1,30;86
2969;2190;Adam Foroughi;1,30;41
1829;2190;Richard Fortin;1,30;73
2970;2190;Luiz Frias;1,30;58
2971;2190;Susumu Fujita;1,30;48
2169;2190;Simona Giorgetta;1,30;44
2972;2190;Premchand Godha;1,30;75
2973;2190;Mikhail Gutseriev and brother;1,30;64
2573;2190;Hang Hong;1,30;54
2043;2190;Alfredo Harp Helu and family;1,30;78
1936;2190;Jaroslav Hascak and family;1,30;52
2452;2190;He Zuxun;1,30;56
1837;2190;David Hoffmann;1,30;69
2974;2190;Francis Holder;1,30;81
1604;2190;Hu Rongda and family;1,30;63
1671;2190;Wei Huang;1,30;62
1042;2190;Zarakh Iliev;1,30;55
2176;2190;Mitchell Jacobson;1,30;71
2178;2190;Jiang Guiting and family;1,30;63
1943;2190;Rajeev Juneja;1,30;56
2975;2190;Peter Kelly;1,30;64
2976;2190;Kim Nam-jung;1,30;49
2977;2190;Koon Poh Ming;1,30;65
2978;2190;Yuri Kovalchuk;1,30;70
2188;2190;Michael Krasny;1,30;68
2062;2190;Raymond Kwok;1,30;68
1538;2190;Heikki Kyostila;1,30;76
2063;2190;Lee Ho-jin;1,30;59
2066;2190;Bernard Lewis and family;1,30;96
2195;2190;Fengluan Li;1,30;60
1337;2190;Hua Li;1,30;44
2319;2190;Li Ruiqiang;1,30;42
2479;2190;Lin Zhijun;1,30;46
2480;2190;Lin Zhixiong and family;1,30;48
2322;2190;Liu Ming Hui;1,30;59
2979;2190;Xuejing Liu and family;1,30;71
2601;2190;Lu Yonghua and family;1,30;58
2980;2190;Zhaoxi Lu;1,30;53
2323;2190;Frederic Luddy;1,30;67
2081;2190;Miao Yongjun;1,30;54
2209;2190;Martin Moller Nielsen;1,30;57
2335;2190;Neide Helena de Moraes;1,30;67
2082;2190;Yoshiko Mori;1,30;81
1689;2190;Mofatraj Munot;1,30;77
2211;2190;Randal Nardone;1,30;66
1053;2190;God Nisanov;1,30;49
2085;2190;Vadim Novinsky;1,30;58
1691;2190;Satyanarayan Nuwal;1,30;69
1969;2190;John Ocampo;1,30;63
2981;2190;Pan Gang;1,30;51
2345;2190;Forrest Preston;1,30;89
2982;2190;Riju Raveendran;1,30;39
1491;2190;P.P. Reddy;1,30;64
2983;2190;P.V.Krishna Reddy;1,30;52
2221;2190;Satish Reddy;1,30;54
2984;2190;Lily Safra;1,30;84
1492;2190;Richard Saghian;1,30;40
2225;2190;Deniz Sahenk;1,30;76
2352;2190;Thomas Sandell;1,30;61
2227;2190;Hajime Satomi;1,30;80
2228;2190;James Scapa;1,30;65
2498;2190;Paul Sciarra;1,30;41
2231;2190;Albert Shigaboutdinov;1,30;69
2104;2190;Nobutoshi Shimamura;1,30;96
1986;2190;Ron Sim;1,30;63
2359;2190;Alexander Sixt;1,30;42
2360;2190;Konstantin Sixt;1,30;39
1990;2190;Terry Snow;1,30;78
2364;2190;Marco Squinzi;1,30;50
2365;2190;Veronica Squinzi;1,30;50
2504;2190;Manny Stul;1,30;72
2239;2190;Rustem Sulteev;1,30;68
2507;2190;Sehat Sutardja;1,30;60
2370;2190;Tony Tan Caktiong;1,30;69
1708;2190;Jim Thompson;1,30;82
2003;2190;Carmen Thyssen;1,30;78
1879;2190;August Troendle;1,30;66
2375;2190;Joop van den Ende;1,30;80
1881;2190;Sekar Vembu;1,30;50
2377;2190;Sandro Veronesi and family;1,30;62
2516;2190;Wan Long;1,30;81
2985;2190;Han Wang;1,30;34
2986;2190;Wang Jianyi;1,30;59
2987;2190;Wang Qinghua;1,30;56
2988;2190;Pengcheng Wen and family;1,30;59
2117;2190;Alfred West  Jr.;1,30;79
1886;2190;Dan Wilks;1,30;65
2009;2190;Farris Wilks;1,30;70
2989;2190;Gang Xu;1,30;58
2392;2190;Xu Jin;1,30;57
2990;2190;Tony Xu;1,30;37
2991;2190;Ye Yanqiao;1,30;52
2992;2190;Patrick Zalupski;1,30;41
2993;2190;Shengda Zan;1,30;59
2254;2190;Zeng Chaoyi;1,30;53
2639;2190;Zhang Guiping and family;1,30;70
2255;2190;Peng Zhao;1,30;51
2994;2190;Zheng Zhiguo;1,30;50
2257;2190;Kostyantin Zhevago;1,30;48
2995;2190;Zhou Mingjie;1,30;64
2404;2190;Zhu Xingliang;1,30;62
1574;2190;Zhu Yiwen and family;1,30;64
2258;2190;Zong Yanmin;1,30;64
2259;2324;Sanjay Agarwal;1,20;51
2260;2324;Hamad bin Jassim bin Jaber Al Thani;1,20;62
2996;2324;Betty Ang;1,20;67
2541;2324;Christian Angermayer;1,20;43
1576;2324;Mika Anttonen;1,20;55
2262;2324;Jose Maria Aristrain;1,20;59
2997;2324;Emilio Azcarraga Jean;1,20;54
2270;2324;Thomas Bailey;1,20;85
1114;2324;Andrei Bokarev;1,20;55
2413;2324;Stephane Bonvin;1,20;55
2998;2324;Ashok Boob;1,20;70
2546;2324;Ludwig Theodor Braun;1,20;32
2273;2324;Friederike Braun-Luedicke;1,20;38
2418;2324;Pradip Burman;1,20;79
2419;2324;Cai Hongbin;1,20;64
2999;2324;Chang Kuo-Cheng;1,20;64
3000;2324;Jiancheng Chen;1,20;63
2428;2324;Chen Xueling;1,20;54
2429;2324;Cheng Lili;1,20;57
3001;2324;Yvon Chouinard;1,20;83
3002;2324;Luigi Cremonini and family;1,20;82
3003;2324;Tim Draper;1,20;63
3004;2324;Fan Zhaoxia and family;1,20;54
2439;2324;Gleb Fetisov;1,20;55
2441;2324;Robert Fisher;1,20;68
2567;2324;William Fisher;1,20;65
2035;2324;J. Christopher Flowers;1,20;64
2442;2324;Bernd Freier;1,20;65
3005;2324;Geng Diangen;1,20;65
2293;2324;Dan Gertler;1,20;48
3006;2324;David Girouard;1,20;56
1742;2324;John Goff;1,20;67
2295;2324;Lawrence Golub;1,20;62
2570;2324;Sven Hagstroemer;1,20;78
2298;2324;Fahed Hariri;1,20;41
2299;2324;Richard Hayne;1,20;74
2574;2324;He Yamin and family;1,20;65
2300;2324;Michael Heine;1,20;72
2172;2324;Heikki Herlin;1,20;35
2576;2324;Hong Feng;1,20;45
3007;2324;Hu Kun;1,20;52
3008;2324;Huang Hongyun and family;1,20;55
3009;2324;Shanbing Huang and family;1,20;65
3010;2324;Huang Shih Tsai;1,20;70
3011;2324;Huang Wenbiao;1,20;54
2305;2324;Mohammed Ibrahim;1,20;75
2580;2324;Hedda im Brahm-Droege;1,20;67
2049;2324;Rameshchandra Jain;1,20;73
2182;2324;Laurent Junique;1,20;56
2183;2324;Zbigniew Juroszek and family;1,20;59
2460;2324;Chatchai Kaewbootta;1,20;70
2306;2324;Shirley Kao;1,20;65
1043;2324;Ipek Kirac;1,20;37
2469;2324;Carsten Koerl;1,20;57
2471;2324;Andrei Kosogov;1,20;61
3012;2324;John Krystynak;1,20;53
3013;2324;John Kusuma;1,20;55
3014;2324;Hartono Kweefanus;1,20;72
2061;2324;Kwek Leng Peck;1,20;66
2190;2324;Kristo Kaeaermann;1,20;41
2315;2324;Guy Laliberte;1,20;62
3015;2324;Lee Sang-ryul;1,20;60
3016;2324;Lee Seung-gun;1,20;40
3017;2324;Hongjing Li;1,20;54
2598;2324;Li Wanqiang;1,20;44
2200;2324;Lu Hongyan;1,20;44
3018;2324;Dalong Lv;1,20;60
2207;2324;Carsten Maschmeyer;1,20;62
3019;2324;Todd McKinnon;1,20;50
3020;2324;Rubens Menin Teixeira de Souza;1,20;66
2331;2324;Lorinc Meszaros;1,20;56
2334;2324;Ulrich Mommert and family;1,20;81
3021;2324;Park Kwan-ho;1,20;50
3022;2324;George Pedersen;1,20;86
1975;2324;David Penaloza Alanis;1,20;48
1862;2324;Stefan Pierer;1,20;65
2344;2324;Murdaya Poo;1,20;81
3024;2324;Michael Price;1,20;69
1489;2324;Leonid Radvinsky;1,20;40
3025;2324;Megdet Rahimkulov and family;1,20;76
2348;2324;Andrei Rappoport;1,20;58
3026;2324;Dasari Uday Kumar Reddy;1,20;54
2496;2324;Helena Revoredo;1,20;75
1978;2324;Duke Reyes;1,20;65
2226;2324;Nobutada Saji;1,20;76
1207;2324;Leonard Schleifer;1,20;69
2102;2324;Airat Shaimiev;1,20;60
2103;2324;Radik Shaimiev;1,20;57
3027;2324;Vijay Shekhar Sharma;1,20;43
2230;2324;Devi Shetty;1,20;69
3028;2324;Shum Chiu Hung and family;1,20;52
2366;2324;Michael Steinhardt;1,20;81
2616;2324;Petter Stordalen and family;1,20;59
3029;2324;Winarko Sulistyo;1,20;76
1787;2324;Sun Huaiqing and family;1,20;52
2369;2324;Luc Tack;1,20;60
1303;2324;Lucio Tan;1,20;87
3030;2324;Yoshikazu Tanaka;1,20;45
3031;2324;Stanley Tang;1,20;29
2372;2324;Sam Tarascio;1,20;77
3032;2324;Alexander Tedja;1,20;76
1876;2324;Laurie Tisch;1,20;71
1877;2324;Steven Tisch;1,20;73
3033;2324;Stefania Triva;1,20;57
3034;2324;Maria Grace Uy;1,20;53
3035;2324;Wim van der Leegte;1,20;74
2378;2324;Thongma Vijitpongpun;1,20;64
3036;2324;Jianfeng Wang and family;1,20;52
2111;2324;Wang Jilei;1,20;57
2007;2324;Wang Junmin;1,20;53
3037;2324;Wang Kunxiao;1,20;52
3038;2324;Wang Zhentao and family;1,20;56
2383;2324;J. Wayne Weaver;1,20;86
2008;2324;Weng Xianding;1,20;60
2521;2324;Horst Wortmann;1,20;80
2387;2324;Wu Chung-yi;1,20;66
2523;2324;Wu Li-gann;1,20;81
3039;2324;Wu Peifu and family;1,20;60
2525;2324;Xiu Laigui;1,20;67
2531;2324;Yeh Kuo-I;1,20;80
3040;2324;Faxiang Yu;1,20;50
2533;2324;Zeng Chaolin;1,20;39
3041;2324;Zhang Tianyu;1,20;54
3042;2324;Shusheng Zheng;1,20;56
2133;2448;A. Jayson Adair;1,10;52
2261;2448;Joao Alves de Queiroz Filho;1,10;69
2542;2448;Ryuji Arai;1,10;75
2410;2448;Sara Blakely;1,10;51
2411;2448;Lloyd Blankfein;1,10;67
2412;2448;Henadiy Boholyubov;1,10;60
3043;2448;Caspar Callerstroem;1,10;48
3044;2448;Kejian Cao;1,10;59
2561;2448;Turgay Ciner;1,10;66
3045;2448;Dai Lizhong;1,10;53
3046;2448;Pedro de Godoy Bueno;1,10;31
2160;2448;Aydin Dogan;1,10;85
3047;2448;Wolfgang Egger;1,10;56
2436;2448;Gabriel Escarrer;1,10;87
3048;2448;Richard Fairbank;1,10;71
3049;2448;Andy Fang;1,10;29
2566;2448;Benedicte Find;1,10;64
2440;2448;Paul Fireman;1,10;78
2443;2448;Donald Friese;1,10;81
3050;2448;Soichiro Fukutake;1,10;76
3051;2448;Antonio Gallardo Ballart;1,10;86
2446;2448;David Golub;1,10;59
2039;2448;Guan Yihong;1,10;52
2572;2448;Stelios Haji-Ioannou;1,10;55
3052;2448;Mustafa Hamied;1,10;81
3053;2448;Han Arming Hanafia;1,10;64
3054;2448;Ronnen Harary;1,10;50
3055;2448;David Helgason;1,10;44
2453;2448;Christian Herz;1,10;64
2454;2448;Michaela Herz;1,10;64
3056;2448;Eduardo Hochschild;1,10;58
2577;2448;Hong Seok-joh;1,10;69
3057;2448;Huang Jiangji;1,10;64
3058;2448;Huang Xu;1,10;54
3059;2448;Subba Rao Jasti;1,10;95
1329;2448;Long Jiang;1,10;48
3060;2448;Jiang Xuefei and family;1,10;52
2462;2448;Jonas Kamprad;1,10;56
2463;2448;Mathias Kamprad;1,10;52
2464;2448;Peter Kamprad;1,10;58
3061;2448;Andrew Karam;1,10;40
1127;2448;Samvel Karapetyan;1,10;56
2184;2448;Alexander Karp;1,10;54
2309;2448;Ke Guihua;1,10;56
2590;2448;Kim Jung-woong;1,10;47
3062;2448;Harry Klagsbrun;1,10;67
3063;2448;Alexander Knauf;1,10;47
3064;2448;Martin Knauf;1,10;64
3065;2448;Robert Knauf;1,10;64
2052;2448;Koh Wee Meng;1,10;58
2053;2448;Sergei Kolesnikov;1,10;50
3066;2448;Andrei Komarov;1,10;55
2593;2448;Koo Bon-neung;1,10;73
2470;2448;Koo Bon-sik;1,10;63
2314;2448;Suresh Krishna;1,10;85
2476;2448;Nancy Lerner;1,10;61
2477;2448;Norma Lerner;1,10;86
2478;2448;Randolph Lerner;1,10;60
1957;2448;Li Shui-po;1,10;65
3068;2448;Li Tan;1,10;57
3069;2448;Li Wenmei and family;1,10;59
559;2448;Lim Hariyanto Wijaya Sarwono;1,10;93
3070;2448;Lin Jie and family;1,10;53
1474;2448;Liu Chengyu and family;1,10;59
3071;2448;Lou Boliang;1,10;58
3072;2448;Lun Ruixiang and family;1,10;54
3073;2448;Lv Yongxiang;1,10;72
2602;2448;Ma Xiuhui;1,10;51
2203;2448;Yasseen Mansour;1,10;60
2330;2448;Jorge Mas;1,10;59
3074;2448;Michael McCain;1,10;64
2604;2448;Gabriella Meister;1,10;64
2605;2448;Ulrike Meister;1,10;55
2332;2448;Jeffrey Michael and family;1,10;65
2484;2448;Soichiro Minami;1,10;45
3075;2448;Bob Muglia;1,10;62
3076;2448;Erik Must;1,10;79
3077;2448;Kerr Neilson;1,10;72
2214;2448;John Oyler;1,10;54
3078;2448;Park Hyeon-joo;1,10;63
2341;2448;Jose Isaac Peres and family;1,10;81
3079;2448;Catherine Phillips;1,10;64
3080;2448;John Phillips;1,10;71
2494;2448;Pu Zhongjie and family;1,10;59
3081;2448;Qian Xiaojun;1,10;47
3082;2448;Anton Rabie;1,10;50
2099;2448;Igor Rybakov;1,10;49
3083;2448;K. Rai Sahi;1,10;75
1409;2448;Karl Scheufele  III. and family;1,10;83
3084;2448;Steven Schuurman;1,10;46
3085;2448;Shao Zengming;1,10;64
3086;2448;Analjit Singh;1,10;68
3087;2448;Kavita Singhania;1,10;60
1209;2448;Michael S. Smith;1,10;66
2615;2448;Scott Smith;1,10;72
3088;2448;Ashok Soota;1,10;79
2501;2448;Michael Spencer;1,10;66
1497;2448;Venu Srinivasan;1,10;69
3089;2448;Dirk Stroeer;1,10;53
3090;2448;Susanto Suwarto;1,10;66
2371;2448;Xiuguo Tang;1,10;58
1635;2448;Mehmet Sinan Tara;1,10;63
3091;2448;Robert Toll;1,10;81
3092;2448;Surin Upatkoon;1,10;72
3093;2448;Sunil Vachani;1,10;53
2623;2448;Murat Vargi;1,10;74
2243;2448;Pongsak Viddayakorn;1,10;88
3094;2448;Wang Linxiang;1,10;64
3095;2448;Wang Shumin;1,10;65
3096;2448;Richard Warke;1,10;64
2116;2448;Anne Werninghaus;1,10;36
2519;2448;Allan Wong;1,10;72
3097;2448;Chaoqun Wu;1,10;52
2389;2448;Wu Yonghua;1,10;51
3098;2448;Wu Zhenxing;1,10;52
2631;2448;Franziska Wuerbser;1,10;34
2390;2448;Xia Xinde;1,10;57
3099;2448;Xiong Jun and family;1,10;48
3100;2448;Jane Yan and family;1,10;52
3101;2448;Yang Erzhu;1,10;71
3102;2448;Vlad Yatsenko;1,10;38
2635;2448;Yi Xianzhong and family;1,10;62
1722;2448;Yoshiaki Yoshida;1,10;81
2636;2448;Yu Rong;1,10;50
3103;2448;Igor Yusufov;1,10;65
3104;2448;Zeng Weixiong;1,10;64
3105;2448;Zhang Cheng Fei;1,10;54
3106;2448;Zhang Fangliang;1,10;57
3107;2448;Baoshen Zhong;1,10;54
3108;2448;Zhou Minghua;1,10;58
3109;2578;Krishna Kumar Bangur;1,00;61
3110;2578;Wilbur   Ed   Bosarge  Jr.;1,00;82
2544;2578;Johanna Braun;1,00;42
2545;2578;Karl Friedrich Braun;1,00;39
989;2578;Jean-Pierre Cayard;1,00;79
2427;2578;Tony Chen;1,00;72
3111;2578;Vivien Chen;1,00;63
3112;2578;Chey Ki-won;1,00;57
2560;2578;Pollyanna Chu;1,00;64
3113;2578;Roy Chi Ping Chung;1,00;69
3114;2578;Doug Clarke;1,00;41
3115;2578;Ronald Clarke;1,00;66
3116;2578;Jean-Paul Clozel;1,00;67
1734;2578;Carl DeSantis;1,00;82
2283;2578;Sefik Yilmaz Dizdar;1,00;84
3117;2578;Charles Dunstone;1,00;58
3118;2578;Larry Fink;1,00;69
3119;2578;Fu Gang;1,00;51
3120;2578;Jorge Gallardo Ballart;1,00;80
3121;2578;Nari Genomal;1,00;82
3122;2578;Ramesh Genomal;1,00;71
3123;2578;Sunder Genomal;1,00;68
3124;2578;Horst-Otto Gerberding;1,00;69