ID;User_ID;Table_rank_2022;Person;net_worth_in_BillionUSD_2024_02;Age_of_person_2024_02
1;1;1;Bernard Arnault and family;229,6;74
2;2;2;Elon Musk;210;52
3;3;3;Jeff Bezos;197,7;60
4;16;4;Mark Zuckerberg;172,5;39
5;4;5;Larry Ellison;139,9;79
6;5;6;Warren Buffett;134,7;93
7;6;7;Bill Gates;128,1;68
8;10;8;Steve Ballmer;122,8;67
9;12;9;Larry Page;116,3;50
10;9;10;Mukesh Ambani;114,4;66
11;14;11;Sergey Brin;111,8;50
12;7;12;Michael Bloomberg;106,2;82
13;13;13;Amancio Ortega;102,9;87
14;8;14;Carlos Slim Helu and family;101,4;84
15;11;15;Francoise Bettencourt Meyers and family;96,9;70
16;24;16;Gautam Adani;83,6;61
17;3125;17;Jim Walton and family;76,9;75
18;23;18;Michael Dell;76,3;59
19;20;19;Rob Walton and family;76;79
20;21;20;Alice Walton;70,8;74
21;76;21;Jensen Huang;69,9;61
22;15;22;Zhong Shanshan;65,9;69
23;22;23;David Thomson and family;64,9;66
24;18;24;Julia Koch and family;61;61
25;17;25;Charles Koch and family;55,7;88
26;45;26;Colin Huang;43,9;44
27;26;27;Zhang Yiming;43,4;40
28;29;28;Klaus-Michael Kuehne;43,1;86
29;25;29;Phil Knight and family;42,4;86
30;39;30;Tadashi Yanai and family;41,6;75
31;502;31;Prajogo Pangestu;41,6;79
32;30;32;Giovanni Ferrero;39,4;59
33;37;33;Mark Mateschitz;39,2;31
34;27;34;Dieter Schwarz;38,7;84
35;32;35;John Mars;38,6;88
36;31;35;Jacqueline Mars;38,6;84
37;36;37;Ken Griffin;38,3;55
38;42;38;Gerard Wertheimer;38,2;73
39;41;38;Alain Wertheimer;38,2;75
40;50;40;Stephen Schwarzman;38,1;77
41;55;41;Shiv Nadar;37,1;78
42;33;42;Li Ka-shing;37;95
43;35;43;Miriam Adelson and family;36,2;78
44;60;44;MacKenzie Scott;35,8;53
45;57;45;Thomas Peterffy;34,2;79
46;53;46;William Ding;34,1;52
47;46;47;Reinhold Wuerth and family;33,6;88
48;40;48;Len Blavatnik;32,5;66
49;28;49;Francois Pinault and family;31,9;87
50;34;50;Ma Huateng;30,7;52
51;49;51;Jim Simons;30,7;85
52;96;52;Savitri Jindal and family;30,4;73
53;52;53;Gina Rinehart;30,1;70
54;44;54;Rafaela Aponte-Diamant;29,7;78
55;43;54;Gianluigi Aponte;29,7;83
56;72;56;Abigail Johnson;29,5;62
57;73;57;Leonid Mikhelson and family;29;68
58;48;58;Jeff Yass;28,9;65
59;69;59;Masayoshi Son;28,1;66
60;47;60;Lee Shau Kee;27,8;96
61;74;61;Lukas Walton;27,5;37
62;59;62;Stefan Quandt;27,4;57
63;56;63;Low Tuck Kwong;27,3;75
64;176;64;Eduardo Saverin;27,1;41
65;54;65;German Larrea Mota Velasco and family;27;70
66;184;66;Vinod Adani;27;75
67;80;67;Vagit Alekperov;26,5;73
68;51;68;Susanne Klatten;26,5;61
69;112;69;Dilip Shanghvi;26,1;68
70;70;70;Vladimir Lisin;26;67
71;92;71;Daniel Gilbert;26;62
72;61;72;R. Budi Hartono;25,8;83
73;65;73;Iris Fontbona and family;25,7;81
74;3126;74;Thomas Frist Jr and family;25,2;85
75;71;75;Emmanuel Besnier;25,1;53
76;91;76;Gennady Timchenko;25;71
77;3128;77;John Menard Jr;24,9;84
78;58;78;Andrey Melnichenko and family;24,9;51
79;66;79;Michael Hartono;24,8;84
80;63;80;Jack Ma;24,6;59
81;182;81;Autry Stephens;24,3;85
82;64;82;He Xiangjian and family;24,1;81
83;62;83;Vladimir Potanin;23,7;63
84;38;84;Robin Zeng;23,7;55
85;131;85;Diane Hendricks;23,1;76
86;79;86;Alexey Mordashov and family;22,9;58
87;86;87;Eyal Ofer;21,9;73
88;89;88;Harold Hamm and family;21,9;78
89;68;89;Cyrus Poonawalla;21,8;82
90;78;90;Takemitsu Takizaki;21,7;78
91;100;91;Vicky Safra and family;20,7;71
92;90;92;David Tepper;20,6;66
93;253;93;Kushal Pal Singh;20,5;92
94;105;94;Eric Schmidt;20,3;68
95;94;95;Steve Cohen;19,8;67
96;99;96;Rupert Murdoch and family;19,2;92
97;124;97;Kumar Birla;19,2;56
98;3252;98;Andrew Forrest and family;18,7;62
99;97;99;Donald Bren;18;91
100;226;100;Dustin Moskovitz;17,9;39
101;195;101;Rick Cohen and family;17,6;71
102;114;102;Radhakishan Damani;17,5;69
103;84;103;Eric Li;17,4;60
104;104;104;Stefan Persson;17;76
105;102;105;Renata Kellnerova and family;16,5;56
106;93;106;Lakshmi Mittal;16,4;73
107;67;107;James Ratcliffe;16,3;71
108;130;108;John Fredriksen;16,3;79
109;137;109;Harry Triguboff;16,2;90
110;117;110;David Green and family;16,1;82
111;110;111;Jorge Paulo Lemann and family;16;84
112;234;112;Ravi Jaipuria;16;69
113;132;113;Jan Koum;16;48
114;108;114;Karl Albrecht Jr. and family;16;
115;109;114;Beate Heister;16;
116;106;116;Michael Platt;16;55
117;139;117;Stanley Kroenke;15,7;76
118;173;118;David Duffield;15,7;83
119;127;119;Idan Ofer;15,6;68
120;111;120;Peter Woo;15,5;77
121;185;121;Nicolas Puech;15,5;81
122;83;122;Ray Dalio;15,4;74
123;87;123;Qin Yinglin;15,3;58
124;161;124;Philip Anschutz;15,3;84
125;238;125;Andreas von Bechtolsheim and family;15,1;68
126;77;126;Leonard Lauder;15,1;90
127;169;127;Changpeng Zhao;15;47
128;103;128;Li Xiting;14,9;73
129;170;129;Andrew Beal;14,8;71
130;134;130;George Kaiser;14,5;81
131;88;131;Wang Chuanfu;14,4;58
132;122;132;Alisher Usmanov;14,4;70
133;3129;133;Theo Albrecht Jr and family;14,2;73
134;75;134;Wang Wei;14,1;53
135;287;135;Henry Samueli;14;69
136;232;136;Leon Black;13,8;72
137;133;137;Jerry Jones;13,8;81
138;429;138;Jay Chaudhry;13,8;64
139;125;139;Aliko Dangote;13,5;66
140;163;140;Ricardo Salinas Pliego and family;13,5;68
141;157;141;Giorgio Armani;13,4;89
142;178;142;Christy Walton;13,4;75
143;119;143;Charlene de Carvalho-Heineken and family;13,3;69
144;145;144;Laurene Powell Jobs and family;13,3;60
145;171;145;Mike Cannon-Brookes;13,2;44
146;142;146;Dang Yanbao;13,1;51
147;135;147;Joseph Lau;13,1;72
148;138;148;Uday Kotak;13;64
149;179;149;Scott Farquhar;12,9;44
150;215;150;David Cheriton;12,7;72
151;252;151;George Roberts;12,7;80
152;140;152;Mikhail Fridman;12,7;59
153;174;153;Jeffery Hildebrand;12,6;64
154;381;154;John Tu;12,5;82
155;379;155;David Sun;12,5;72
156;116;156;Dhanin Chearavanont;12,2;84
157;123;157;Goh Cheng Liang;12,1;96
158;126;158;Kwong Siu-hing;12,1;94
159;129;159;Lui Che Woo;12;94
160;212;160;Azim Premji;12;78
161;3130;161;Edward Johnson IV;11,9;59
162;224;162;John Doerr;11,9;72
163;3131;163;Henry Nicholas III;11,8;64
164;385;164;Dan Cathy;11,8;70
165;384;164;Bubba Cathy;11,8;69
166;386;164;Trudy Cathy White;11,8;68
167;144;167;Shahid Khan;11,8;73
168;153;168;Israel Englander;11,8;75
169;235;169;Hasso Plattner and family;11,8;80
170;158;170;Johann Rupert and family;11,8;73
171;136;171;Lu Xiangyang;11,7;61
172;303;172;Henry Kravis;11,6;80
173;214;173;Eric Smidt;11,6;64
174;143;174;Jiang Rensheng and family;11,5;70
175;152;175;Michael Rubin;11,5;51
176;148;176;Pavel Durov;11,5;39
177;177;177;Georg Schaeffler;11,3;59
178;121;178;Wei Jianjun and family;11,3;59
179;168;179;Sky Xu;11,2;40
180;165;180;Robert Kraft;11,1;82
181;164;181;Donald Newhouse;11,1;94
182;271;182;Jay Y. Lee;11,1;55
183;192;183;Lei Jun;11;54
184;189;184;Melker Schorling and family;11;76
185;146;185;Robert Kuok;11;100
186;391;186;Melinda French Gates;11;59
187;156;187;Mikhail Prokhorov;10,9;58
188;115;188;Huang Shilin;10,9;57
189;206;189;Brian Chesky;10,8;42
190;620;190;David Velez and family;10,8;42
191;166;191;Marcel Herrmann Telles and family;10,8;74
192;332;192;Marc Benioff;10,7;59
193;167;193;Suleiman Kerimov and family;10,7;57
194;756;194;Li Xiang;10,7;42
195;237;195;Manuel Villar;10,7;74
196;517;196;Barry Lam;10,6;74
197;233;197;Graeme Hart;10,6;68
198;193;198;Friedhelm Loh;10,5;77
199;118;199;Charoen Sirivadhanabhakdi;10,5;79
200;175;200;Viktor Rashnikov;10,5;75
201;172;201;Carl Cook;10,5;61
202;263;202;Bernard Marcus;10,5;94
203;264;203;Patrick Ryan;10,4;86
204;631;204;Mangal Prabhat Lodha;10,4;68
205;155;205;Anthony Pratt;10,4;63
206;440;206;Antony Ressler;10,4;63
207;159;207;Gong Hongjia and family;10,3;59
208;537;208;Alexander Gerko;10,2;44
209;261;209;Nathan Blecharczyk;10,2;40
210;162;210;Judy Love and family;10,2;86
211;209;211;Antonia Axson Johnson and family;10,1;80
212;147;212;Stephen Ross;10,1;83
213;500;213;Elizabeth Johnson;10,1;60
214;277;214;Li Shuirong and family;10;67
215;305;215;James Goodnight;10;81
216;141;216;Sarath Ratanavadi;10;58
217;183;217;Liu Yongxing;9,9;75
218;579;218;Yu Yong;9,9;63
219;270;219;Nancy Walton Laurie;9,9;72
220;180;220;Quek Leng Chan;9,9;82
221;211;221;John Malone;9,9;82
222;154;222;Viatcheslav Kantor;9,8;70
223;240;223;Ann Walton Kroenke;9,8;75
224;187;224;Rodolphe Saade;9,8;53
225;188;224;Tanya Saade Zeenny;9,8;56
226;3132;224;Jacques Saade Jr;9,8;52
227;213;227;Charles Schwab;9,7;86
228;207;228;James Dyson;9,7;76
229;203;229;Jim Pattison;9,7;95
230;208;230;Roman Abramovich and family;9,7;57
231;201;231;Victoria Mars;9,7;67
232;199;231;Pamela Mars;9,7;63
233;198;231;Marijke Mars;9,7;59
234;200;231;Valerie Mars;9,7;65
235;150;235;Thomas Struengmann and family;9,7;74
236;149;235;Andreas Struengmann and family;9,7;74
237;202;237;Vincent Bollore and family;9,6;71
238;339;238;Rohiqa Cyrus Mistry;9,6;56
239;340;238;Shapoor Mistry;9,6;59
240;191;240;Michael Kim;9,6;60
241;258;241;Tilman Fertitta;9,6;66
242;335;242;Jack Dangermond;9,6;78
243;160;243;Zhang Zhidong;9,6;52
244;204;244;Ernesto Bertarelli;9,5;58
245;246;245;John Morris;9,5;75
246;256;246;Laurent Dassault;9,5;70
247;257;246;Thierry Dassault;9,5;66
248;259;246;Marie-Helene Habert-Dassault;9,5;58
249;293;249;Joe Gebbia;9,5;42
250;477;250;Ludwig Merckle;9,4;59
251;190;251;Andrei Guryev and family;9,4;63
252;243;252;Nicky Oppenheimer and family;9,4;78
253;315;253;Enrique Razon Jr.;9,4;63
254;120;254;Xu Hang;9,4;61
255;282;255;Jean-Michel Besnier;9,4;56
256;283;255;Marie Besnier Beauvalot;9,4;43
257;210;257;Daniel Kretinsky;9,3;48
258;218;258;Anthony von Mandl;9,3;73
259;229;259;Carrie Perrodo and family;9,3;73
260;265;260;Robert F. Smith;9,2;61
261;337;261;Ralph Lauren;9,2;84
262;248;262;Francine von Finck and family;9,2;
263;577;263;Pankaj Patel;9,2;70
264;419;264;Tom Gores;9,1;59
265;220;265;Finn Rausing;9,1;69
266;222;266;Kirsten Rausing;9,1;71
267;221;266;Jorn Rausing;9,1;64
268;341;268;J. Christopher Reyes;9;70
269;342;268;Jude Reyes;9;68
270;217;270;Alexander Otto;9;56
271;272;271;Ramzi Musallam;9;55
272;205;272;Wang Xing;9;45
273;194;273;Sun Piaoyang;9;65
274;107;274;Pang Kang;9;68
275;275;275;Georg Stumpf;8,9;51
276;1369;276;Brian Armstrong;8,9;41
277;350;277;Sandra Ortega Mera;8,9;55
278;423;278;Sunil Mittal;8,9;66
279;236;279;Carlos Alberto Sicupira and family;8,9;76
280;462;280;Robert Rowling;8,8;70
281;231;281;Michael Otto;8,8;80
282;459;282;Ken Langone;8,7;88
283;570;283;Jimmy Haslam;8,7;69
284;281;284;Zhang Congyuan;8,7;76
285;268;285;Orlando Bravo;8,7;53
286;472;286;Piero Ferrari;8,6;78
287;310;287;Nassef Sawiris;8,6;63
288;297;288;Joseph Tsai;8,5;60
289;128;289;Chen Bang;8,5;58
290;299;290;Arthur Blank;8,5;81
291;442;291;Josh Harris;8,5;59
292;365;292;Ken Fisher;8,5;73
293;151;293;Liu Hanyuan;8,5;60
294;3137;294;Ernest Garcia II;8,4;66
295;273;295;David Shaw;8,3;72
296;309;296;Steven Rales;8,3;72
297;306;297;Sri Prakash Lohia;8,3;71
298;701;298;Elisabeth DeLuca and family;8,2;76
299;250;299;German Khan;8,2;62
300;524;300;Rekha Jhunjhunwala;8,2;60
301;249;301;Francis Choi;8,2;76
302;296;302;Leonard Stern;8,1;85
303;260;303;Karel Komarek;8,1;54
304;3133;304;Paul Tudor Jones II;8,1;69
305;351;305;Ronda Stryker;8,1;69
306;428;306;Alain Bouchard;8,1;75
307;284;307;David Geffen;8;81
308;584;308;Andre Esteves;8;55
309;321;309;Richard Kinder;8;79
310;267;310;Eric Wittouck;8;77
311;397;311;Carl Bennet;8;72
312;344;312;Alejandro Bailleres Gual and family;7,9;63
313;382;313;Xu Shihui;7,9;66
314;313;314;Iskander Makhmudov;7,9;60
315;482;315;Sergio Stevanato and family;7,9;80
316;325;316;Judy Faulkner;7,9;80
317;484;317;Richard White;7,8;68
318;311;318;Harry Stine;7,8;82
319;322;319;Guillaume Pousaz;7,8;42
320;354;320;Denise Coates;7,8;56
321;216;321;Ivan Glasenberg;7,8;67
322;387;322;Bruce Kovner;7,7;79
323;338;323;Law Kar Po;7,7;75
324;349;324;Igor Olenicoff;7,7;81
325;291;325;Hasmukh Chudgar and family;7,7;90
326;274;326;Andrei Skoch and family;7,7;58
327;289;327;Ivar Tollefsen;7,7;62
328;327;328;Tamara Gustavson;7,7;62
329;794;329;Jaime Gilinski Bacal;7,7;66
330;300;330;Charles Butt;7,6;86
331;488;331;Mat Ishbia;7,6;44
332;266;332;Pavel Tykac;7,6;59
333;435;333;David Steward;7,6;72
334;329;334;Frederik Paulsen;7,6;73
335;466;335;Micky Arison;7,6;74
336;412;336;Gustaf Douglas;7,6;85
337;298;337;Zhong Huijuan;7,6;63
338;510;338;M.A. Yusuff Ali;7,6;68
339;219;339;Wang Liping and family;7,6;58
340;364;340;Randa Duncan Williams;7,6;62
341;352;341;Dannine Avara;7,5;59
342;356;342;Milane Frantz;7,5;54
343;355;342;Scott Duncan;7,5;41
344;319;344;Jeff Greene;7,5;69
345;446;345;John Brown;7,5;89
346;557;346;Jonathan Gray;7,5;54
347;370;347;Massimiliana Landini Aleotti and family;7,4;81
348;663;348;Thomas Hagen;7,4;88
349;318;349;Terry Gou;7,4;73
350;678;350;Peter Thiel;7,4;56
351;346;351;Pauline MacMillan Keinath;7,4;90
352;501;352;Douglas Leone;7,4;66
353;320;353;Don Hankey;7,4;80
354;721;354;Juergen Blickle;7,4;77
355;520;355;Charles Simonyi;7,3;75
356;405;356;Anthony Bamford and family;7,3;78
357;317;357;Arthur Dantchik;7,3;66
358;360;358;John Overdeck;7,3;54
359;361;358;David Siegel;7,3;62
360;403;360;Luis Carlos Sarmiento;7,3;91
361;245;361;Zheng Shuliang and family;7,3;78
362;288;362;Reinhold Schmieding;7,3;69
363;3135;363;Robert Rich Jr;7,2;83
364;294;364;Philip Ng;7,2;65
365;326;365;Johann Graf;7,2;77
366;456;366;Ray Lee Hunt;7,2;80
367;420;367;Michael Herz;7,2;80
368;421;367;Wolfgang Herz;7,2;73
369;398;369;Stephen Bisciotti;7,1;63
370;308;370;Robert Ng;7,1;72
371;3136;371;Edward Roski Jr;7,1;85
372;404;372;Dennis Washington;7,1;89
373;312;373;Benu Gopal Bangur;7;92
374;223;374;Tatyana Bakalchuk;7;48
375;345;375;Edythe Broad and family;7;88
376;362;376;Viktor Vekselberg;7;66
377;409;377;Wang Yusuo and family;6,9;59
378;430;378;Gopikishan Damani;6,9;66
379;374;379;Xavier Niel;6,9;56
380;480;380;Jean Salata;6,9;58
381;574;381;Vinod Khosla;6,9;69
382;449;382;Fredrik Lundberg;6,9;72
383;389;383;Nadia Thiele;6,9;48
384;276;384;Rocco Commisso;6,8;74
385;334;385;Igor Bukhman;6,8;41
386;333;385;Dmitri Bukhman;6,8;38
387;417;387;Michal Solowow;6,8;61
388;375;388;Terrence Pegula;6,8;72
389;709;389;Tobi Lutke;6,8;43
390;443;390;Niels Peter Louis-Hansen;6,8;76
391;395;391;Simon Reuben;6,8;82
392;394;391;David Reuben;6,8;85
393;314;393;Anders Holch Povlsen;6,8;51
394;363;394;Wang Laisheng;6,8;59
395;450;395;Thomas Schmidheiny;6,8;78
396;414;396;Lin Muqin and family;6,8;60
397;366;397;Christopher Hohn;6,7;57
398;591;398;Bert Beveridge;6,7;62
399;458;399;Vikram Lal and family;6,7;81
400;378;400;George Soros;6,7;93
401;675;401;Lynsi Snyder;6,7;41
402;503;402;Thomas Pritzker;6,6;73
403;230;403;Chen Jianhua;6,6;53
404;396;404;Radovan Vitek;6,6;52
405;247;405;Stefano Pessina;6,6;82
406;550;406;Chip Wilson;6,6;67
407;555;407;Marcos Galperin;6,6;
408;316;408;Wang Laichun;6,6;56
409;618;409;Marc Rowan;6,6;61
410;408;410;Alain Merieux and family;6,6;86
411;95;411;Carl Icahn;6,6;88
412;684;412;Scott Cook;6,5;71
413;434;413;Michael Milken;6,5;77
414;506;414;Gary Rollins;6,5;79
415;433;415;Frank Lowy;6,5;93
416;279;416;Qi Shi and family;6,5;54
417;369;417;Thomas Kirk Kristiansen;6,4;45
418;368;417;Sofie Kirk Kristiansen;6,4;48
419;380;417;Agnete Kirk Thinggaard;6,4;40
420;425;420;Alexander Abramov;6,4;65
421;401;421;Alexei Kuzmichev;6,4;61
422;422;422;Michael Kadoorie;6,4;82
423;307;423;Ma Jianrong;6,4;60
424;269;424;Ding Shizhong;6,4;53
425;393;425;Annette Lerner and family;6,4;94
426;451;426;Helmut Sohmen;6,4;84
427;402;427;Dmitry Rybolovlev and family;6,4;57
428;113;428;Robert Pera;6,4;45
429;633;429;Joe Mansueto;6,3;67
430;476;430;Wolfgang Marguerre and family;6,3;82
431;407;431;John Grayken;6,3;67
432;473;432;Dan Friedkin;6,3;59
433;227;433;Pierre Omidyar;6,3;56
434;390;434;David Bonderman;6,3;81
435;427;435;Neil Bluhm;6,3;86
436;323;436;Takahisa Takahara;6,3;62
437;608;437;Maximilian Viessmann;6,3;35
438;373;438;Magdalena Martullo-Blocher;6,3;55
439;489;439;Leo Koguan;6,3;69
440;859;440;Cho Jung-ho;6,3;65
441;383;441;Rahel Blocher;6,3;48
442;343;442;Don Vultaggio and family;6,3;72
443;742;443;Mark Stevens;6,3;64
444;254;444;Wang Jianlin;6,3;69
445;410;445;Stef Wertheimer and family;6,3;97
446;411;446;Maria Asuncion Aramburuzabala and family;6,2;60
447;461;447;Karen Pritzker;6,2;66
448;511;448;Alexandre Behring;6,2;57
449;448;449;Arthur Irving;6,2;94
450;413;450;Frits Goldschmeding;6,2;90
451;592;451;Mark Cuban;6,2;65
452;453;452;Dirk Ziff;6,2;59
453;452;452;Daniel Ziff;6,2;52
454;454;454;Robert Ziff;6,2;57
455;399;455;Stanley Druckenmiller;6,2;70
456;392;456;Nathan Kirsh;6,1;92
457;347;457;Philippe Laffont;6,1;56
458;481;458;Paul Singer;6,1;79
459;432;459;Joe Lewis;6,1;87
460;328;460;Liang Wengen;6,1;67
461;228;461;Pei Zhenhua;6,1;65
462;543;462;Michel Leclercq and family;6,1;84
463;285;463;Robin Li;6,1;55
464;244;464;Blair Parry-Okeden;6,1;73
465;581;465;Gayle Benson;6,1;77
466;242;466;Jim Kennedy;6,1;76
467;301;467;Ding Shijia;6,1;60
468;418;468;Mike Adenuga;6,1;70
469;552;469;Jim Davis and family;6,1;80
470;696;470;Kerry Stokes;6,1;83
471;497;471;Todd Boehly;6,1;50
472;436;472;Les Wexner and family;6;86
473;181;473;Wu Yajun;6;60
474;3138;474;William Goldring and family;6;81
475;568;475;Tomasz Biernacki;6;51
476;553;476;Murali Divi and family;6;72
477;507;477;Mark Walter;6;63
478;424;478;Zhou Qunfei;6;
479;367;479;Kjeld Kirk Kristiansen;6;76
480;560;480;Rudolf Maag;5,9;78
481;582;481;Jason Chang;5,9;79
482;358;482;Yuri Milner;5,9;62
483;565;483;Kelcy Warren;5,9;68
484;444;484;Patrick Soon-Shiong;5,9;71
485;628;485;Rafael Del Pino;5,9;65
486;468;486;Pierre Chen;5,9;67
487;415;487;Ruan Liping;5,9;59
488;439;488;Andreas Halvorsen;5,9;62
489;416;489;Ruan Xueping;5,8;52
490;711;490;Rajan Mittal;5,8;64
491;712;490;Rakesh Mittal;5,8;68
492;513;492;Robert Faith;5,8;60
493;623;493;You Xiaoping and family;5,8;66
494;521;494;Ty Warner;5,8;79
495;1151;495;Jeff Rothschild;5,8;69
496;377;496;John A. Sobrato and family;5,8;84
497;85;497;Wang Wenyin;5,8;55
498;460;498;Li Ge;5,8;57
499;927;499;Samir Mehta;5,8;60
500;548;500;Thomas Straumann;5,8;60
501;533;501;Denise York and family;5,8;73
502;1049;502;Martin Lorentzon;5,7;54
503;928;503;Sudhir Mehta;5,7;69
504;1041;504;Donald Horton and family;5,7;73
505;278;505;Lin Shu-hong;5,7;95
506;445;506;Rinat Akhmetov;5,7;57
507;447;507;Clive Calder;5,7;77
508;961;508;Miguel Krigsner;5,7;74
509;671;509;Michael Moritz;5,7;69
510;938;510;Shen Guojun;5,7;61
511;239;511;Chase Coleman III;5,7;48
512;580;512;Maria Fernanda Amorim and family;5,7;89
513;1239;513;Bill Haslam;5,6;65
514;556;514;Tom Golisano;5,6;82
515;606;515;Fred Smith;5,6;79
516;545;516;Janice McNair;5,6;87
517;455;517;Maria Angelicoussis;5,6;42
518;748;518;Rahul Bhatia;5,6;64
519;670;519;Lin Li;5,6;60
520;495;520;Stefan Reimann-Andersen;5,6;60
521;496;520;Renate Reimann-Haas;5,6;72
522;493;520;Wolfgang Reimann;5,6;71
523;494;520;Matthias Reimann-Andersen;5,6;58
524;504;524;Lynda Resnick;5,6;81
525;505;524;Stewart Resnick;5,6;87
526;463;526;Teddy Sagi;5,6;52
527;474;527;James Irving;5,6;95
528;290;528;Cao Renxian;5,5;55
529;753;529;Rakesh Gangwal;5,5;70
530;441;530;Tsai Eng-meng;5,5;67
531;465;531;Wu Jianshu;5,5;60
532;469;532;John Collison;5,5;33
533;470;532;Patrick Collison;5,5;35
534;544;534;George Lucas;5,5;79
535;604;535;Mark Meijer and family;5,5;66
536;603;536;Hank Meijer and family;5,5;72
537;602;537;Doug Meijer and family;5,5;70
538;564;538;Chairul Tanjung;5,5;61
539;810;539;Juan Roig;5,5;74
540;486;540;Patrizio Bertelli;5,5;78
541;492;541;Miuccia Prada;5,5;74
542;295;542;John Reece;5,4;66
543;3140;543;Robert Hale Jr;5,4;57
544;431;544;Sumet Jiaravanon;5,4;89
545;292;545;Andrew Currie;5,4;68
546;588;546;Thomas Secunda;5,4;69
547;509;547;Erich Wesjohann and family;5,4;78
548;538;548;Martin Haefner;5,4;70
549;471;549;Archie Aldis Emmerson and family;5,4;94
550;689;550;Igor Kesaev;5,4;57
551;251;551;Abdulsamad Rabiu;5,4;63
552;438;552;Jaran Chiaravanont;5,4;93
553;487;553;Mahendra Choksi and family;5,4;82
554;652;554;Jon Stryker;5,3;65
555;707;555;Dan Kurzius;5,3;52
556;549;556;Murat Ulker;5,3;64
557;534;557;Ron Baron;5,3;80
558;575;558;Thai Lee;5,3;65
559;525;559;Charles B. Johnson;5,3;91
560;498;560;Rick Caruso;5,3;65
561;535;561;Robert Bass;5,3;75
562;519;562;Mark Scheinberg;5,2;50
563;1163;563;Zhu Yi;5,2;60
564;508;564;Ronald Wanek;5,2;82
565;653;565;Daniel Tsai;5,2;67
566;1069;566;Garrett Camp;5,2;45
567;887;567;Peter Gilgan;5,2;73
568;567;568;Michael Ashley;5,2;59
569;666;569;Min Kao and family;5,2;75
570;286;570;Liu Yonghao and family;5,2;72
571;531;571;Romesh T. Wadhwani;5,1;76
572;704;572;John Henry;5,1;74
573;614;573;Joseph Liemandt;5,1;55
574;529;574;Tony Tamer;5,1;66
575;527;574;Sami Mnaymneh;5,1;62
576;788;576;Sanjiv Bajaj;5,1;54
577;787;576;Rajiv Bajaj;5,1;57
578;765;578;Richard Uihlein;5,1;78
579;764;578;Elizabeth Uihlein;5,1;78
580;672;580;Jean Pritzker;5,1;61
581;942;581;Harald Tschira;5,1;49
582;943;581;Udo Tschira;5,1;54
583;654;583;Richard Tsai;5,1;66
584;536;584;Dona Bertarelli;5,1;56
585;554;585;Dagmar Dolby and family;5,1;82
586;526;586;Kwon Hyuk-bin;5;50
587;612;587;Dietmar Hopp and family;5;83
588;658;588;Herbert Wertheim;5;84
589;197;589;Luo Liguo and family;5;67
590;700;590;Ben Chestnut;5;49
591;304;591;Zhang Yong;5;53
592;758;592;Chandru Raheja;5;83
593;821;593;Giuseppe Crippa and family;5;88
594;641;594;Johnelle Hunt;5;92
595;789;595;Leonid Boguslavsky;5;72
596;703;596;Vinod Rai Gupta;5;78
597;573;597;Helen Johnson-Leipold;5;67
598;593;598;Charles Dolan and family;5;97
599;558;599;Bidzina Ivanishvili;4,9;68
600;843;600;Vivek Chaand Sehgal;4,9;67
601;516;601;Ananda Krishnan;4,9;85
602;547;602;Alexandra Schoerghuber and family;4,9;65
603;782;603;John Sall;4,9;75
604;776;604;Mikhail Lomtadze;4,9;48
605;576;605;Winifred J. Marquart;4,9;64
606;562;606;Mark Shoen;4,9;73
607;759;607;Trevor Rees-Jones;4,9;72
608;697;608;Ken Xie;4,9;61
609;571;609;H. Fisk Johnson;4,9;65
610;478;610;Mitchell Rales;4,9;67
611;572;611;S. Curtis Johnson;4,9;68
612;645;612;Timur Kulibaev;4,9;57
613;646;612;Dinara Kulibaeva;4,9;56
614;578;614;Horst Julius Pudwill;4,9;79
615;594;615;Jack Dorsey;4,9;47
616;625;616;Margot Birmingham Perot;4,9;90
617;693;617;Arturo Moreno;4,9;77
618;726;618;Mong-Koo Chung;4,8;85
619;617;619;Odd Reitan and family;4,8;72
620;799;620;Vyacheslav Kim;4,8;54
621;616;621;N.R. Narayana Murthy;4,8;77
622;609;622;Russ Weiner;4,8;53
623;716;623;Steven Spielberg;4,8;77
624;870;624;Herb Simon;4,8;89
625;727;625;Kenneth Dart;4,8;68
626;669;626;Lin Bin;4,8;56
627;585;627;Carlo Fidani;4,7;69
628;1126;628;Nithin Kamath;4,7;44
629;661;629;Chan Laiwa and family;4,7;83
630;774;630;Jim Kavanaugh;4,7;61
631;514;631;Gao Dekang and family;4,7;72
632;1005;632;Friedrich Knapp;4,7;72
633;958;633;Jeff T. Green;4,7;46
634;532;634;Hansjoerg Wyss;4,7;89
635;752;635;Stephen Feinberg;4,7;63
636;730;636;W. Herbert Hunt;4,7;94
637;647;637;Ian Livingstone;4,6;61
638;648;637;Richard Livingstone;4,6;59
639;598;639;Ronald Lauder;4,6;80
640;632;640;Jeffrey Lurie and family;4,6;72
641;651;641;Pham Nhat Vuong;4,6;55
642;1052;642;Georg Nemetschek and family;4,6;90
643;767;643;William Berkley;4,6;77
644;839;644;Dirk Rossmann and family;4,6;77
645;747;645;Zhu Baoguo and family;4,6;61
646;371;646;Li Ping;4,6;56
647;596;647;Vladimir Kim;4,6;63
648;491;648;Michael Pieper;4,6;78
649;649;649;Gwendolyn Sontheim Meyer;4,6;62
650;777;650;Tom Morris;4,6;69
651;691;651;Joao Moreira Salles;4,6;62
652;692;651;Walther Moreira Salles Junior;4,6;67
653;541;653;Kim Beom-su;4,6;57
654;615;654;Theo Mueller;4,5;84
655;677;655;Tahir and family;4,5;71
656;785;656;Yitzhak Tshuva;4,5;75
657;1250;657;Willy Michel;4,5;77
658;734;658;Jorge Moll Filho and family;4,5;79
659;682;659;Nick Caporella;4,5;88
660;749;660;Francesco Gaetano Caltagirone;4,5;80
661;635;661;Mikhail Shelkov;4,5;55
662;3141;662;Jeremy Jacobs Sr and family;4,5;84
663;936;663;Lynn Schusterman and family;4,5;85
664;619;664;Hussain Sajwani;4,5;70
665;760;665;Yasumitsu Shigeta;4,5;59
666;790;666;Jim Coulter;4,5;64
667;528;667;Kjell Inge Rokke;4,5;65
668;755;668;Martha Ingram and family;4,5;88
669;659;669;Shari Arison;4,4;66
670;3253;670;Carlos Hank Rhon and family;4,4;76
671;601;671;Richard Li;4,4;57
672;665;672;Dewi Kam;4,4;73
673;823;673;Claudio Del Vecchio;4,4;67
674;818;674;Rocco Basilico;4,4;34
675;824;675;Clemente Del Vecchio;4,4;19
676;825;675;Leonardo Maria Del Vecchio;4,4;28
677;827;675;Marisa Del Vecchio;4,4;65
678;826;675;Luca Del Vecchio;4,4;22
679;850;675;Nicoletta Zampillo;4,4;65
680;828;675;Paola Del Vecchio;4,4;62
681;225;681;Richard Liu;4,4;49
682;713;682;Isaac Perlmutter;4,4;81
683;1067;683;Joy Alukkas;4,4;67
684;744;684;Nusli Wadia;4,4;80
685;674;685;Jeff Skoll;4,4;59
686;638;686;Juan Carlos Escotet;4,4;64
687;807;687;Cliff Obrecht;4,4;38
688;808;687;Melanie Perkins;4,4;36
689;717;689;Jerzy Starak;4,4;76
690;751;690;Wesley Edens;4,4;62
691;1013;691;Ajay Piramal;4,4;68
692;911;692;Brunello Cucinelli and family;4,4;70
693;643;693;Daryl Katz;4,4;62
694;3142;694;Rupert Johnson Jr;4,4;83
695;728;695;Giuseppe De Longhi and family;4,4;84
696;1054;696;Vikas Oberoi;4,4;53
697;876;697;Eric Yuan and family;4,4;54
698;729;698;Guenther Fielmann and family;4,4;84
699;627;699;Jim Davis;4,4;63
700;731;700;James Irsay;4,3;64
701;897;701;Gil Shwed;4,3;55
702;611;702;Juan Domingo Beckmann Legorreta and family;4,3;56
703;668;703;Eric Lefkofsky;4,3;54
704;959;704;Reed Hastings;4,3;63
705;561;705;Emanuele Saputo and family;4,3;87
706;735;706;Fernando Roberto Moreira Salles;4,3;77
707;736;706;Pedro Moreira Salles;4,3;64
708;1324;708;Daniel Ek;4,3;41
709;655;709;Frank Wang;4,3;43
710;737;710;Gabe Newell;4,3;61
711;457;711;Lai Meisong;4,3;53
712;372;712;Lin Jianhua;4,3;61
713;746;713;Yu Renrong;4,3;57
714;1191;714;Mark Leonard and family;4,3;67
715;683;715;John Catsimatidis;4,3;75
716;586;716;Hong Ra-hee;4,3;78
717;798;717;Peter Kellogg;4,3;81
718;720;718;Zhang Daocai;4,3;74
719;673;719;E. Joe Shoen;4,2;74
720;241;720;Li Zhenguo and family;4,2;56
721;750;721;Barry Diller;4,2;82
722;852;722;William Ackman;4,2;57
723;667;723;Marc Ladreit de Lacharriere;4,2;83
724;660;724;Pyotr Aven;4,2;68
725;3143;725;Austen Cargill II;4,2;72
726;733;725;Marianne Liebmann;4,2;70
727;622;727;Samuel Yin;4,2;73
728;1004;728;Vivek Jain;4,2;68
729;822;729;Daniel DAniello;4,2;77
730;1298;730;Rajan Raheja and family;4,2;69
731;1119;731;Abhay Firodia;4,2;79
732;644;732;Andrei Kozitsyn;4,2;63
733;1551;733;Clive Palmer;4,2;69
734;923;734;Hamilton James and family;4,2;72
735;280;735;Yao Liangsong;4,2;59
736;540;736;Viktor Kharitonin;4,2;51
737;636;737;Patrick Drahi;4,2;60
738;891;738;Akio Nitori;4,2;79
739;1125;739;Maggie Hardy;4,1;58
740;848;740;Michael Xie;4,1;55
741;196;741;Jin Baofang;4,1;71
742;1534;742;Rajiv Jain;4,1;56
743;763;743;Steven Udvar-Hazy;4,1;78
744;437;744;Cai Kui;4,1;61
745;845;745;Thomas Siebel;4,1;71
746;559;746;Lim Hariyanto Wijaya Sarwono;4,1;95
747;475;747;Jiang Weiping and family;4,1;69
748;1315;748;Sanjit Biswas;4,1;42
749;1821;749;Tench Coxe;4,1;66
750;563;750;Dan Snyder;4,1;59
751;1160;751;Gustav Magnar Witzoe;4,1;30
752;676;752;Djoko Susanto;4,1;74
753;1242;753;Baba Kalyani;4,1;75
754;590;754;Tim Sweeney;4,1;53
755;467;755;James Chambers;4,1;66
756;483;756;Margaretta Taylor;4,1;81
757;530;757;Tse Ping and family;4,1;72
758;613;758;Jiang Bin;4,1;57
759;479;759;Katharine Rayner;4,1;79
760;400;760;Jian Jun;4;60
761;695;761;Donald Sterling;4;89
762;904;762;Takao Yasuda;4;74
763;551;763;Zhu Yan and family;4;53
764;3145;764;Jian Yao;4;
765;840;765;Arkady Rotenberg;4;72
766;982;766;Abdulla bin Ahmad Al Ghurair and family;4;
767;686;767;Antti Herlin;4;67
768;931;768;Roger Penske;4;87
769;642;769;Marian Ilitch;4;91
770;715;770;Shaul Shani;4;69
771;743;771;Tsai Hong-tu;4;71
772;1664;772;Robert Duggan;4;79
773;718;773;Torbjorn Tornqvist;4;70
774;814;774;Wang Junlin and family;4;61
775;610;775;Xue Min;4;67
776;1027;776;Isak Andic and family;4;70
777;1370;777;Albert Avdolyan;4;53
778;1314;778;John Bicket;4;43
779;784;779;Richard Schulze;3,9;83
780;1206;780;Maria-Elisabeth Schaeffler-Thumann;3,9;82
781;875;781;Yi Zheng;3,9;53
782;1033;782;Jacques D  Amours;3,9;67
783;732;783;Somurai Jaruphnit;3,9;
784;762;784;Tsai Cheng-ta;3,9;73
785;933;785;David Rubenstein;3,9;74
786;599;786;Li Chunan;3,9;55
787;795;787;Pansy Ho;3,9;61
788;1902;788;Zhang Xuexin and family;3,9;76
789;710;789;Gail Miller;3,9;80
790;694;790;Peter Spuhler;3,9;64
791;877;791;Charles Zegar;3,9;76
792;924;792;Lee Boo-jin;3,9;53
793;1032;793;James Clark;3,9;79
794;1066;794;Zhou Jianping;3,9;63
795;940;795;Pat Stryker;3,9;67
796;935;796;Klaus-Peter Schulenberg;3,8;72
797;841;797;Remo Ruffini;3,8;62
798;771;798;Brad Jacobs;3,8;67
799;895;799;Naguib Sawiris;3,8;69
800;847;800;Xiao Yongming and family;3,8;59
801;607;801;Barry Sternlicht;3,8;63
802;831;802;Peter Gassner;3,8;59
803;629;803;Peter Grogg;3,8;82
804;1017;804;Erik Selin;3,8;56
805;1143;805;Dan Olsson;3,8;77
806;869;806;J. Joe Ricketts and family;3,8;82
807;595;807;Fan Hongwei;3,8;57
808;856;808;Acharya Balkrishna;3,8;51
809;725;809;Chen Dongsheng;3,8;66
810;639;810;Jose E. Feliciano;3,8;50
811;3144;811;Andre Koo Sr;3,8;56
812;685;812;Luca Garavoglia;3,8;55
813;754;813;Joseph Grendys;3,8;62
814;1258;814;Wenrong Shen;3,8;78
815;773;815;Jason Jiang;3,8;51
816;956;816;Charles Edelstenne;3,8;86
817;637;817;Behdad Eghbali;3,8;47
818;490;818;Miao Hangen;3,7;59
819;781;819;Anthony Pritzker;3,7;63
820;1114;820;Andrei Bokarev;3,7;57
821;953;821;Gurbachan Singh Dhingra;3,7;73
822;954;821;Kuldip Singh Dhingra;3,7;76
823;3147;823;William Conway Jr;3,7;74
824;1107;824;Madhur Bajaj;3,7;71
825;1108;824;Niraj Bajaj;3,7;69
826;1109;824;Shekhar Bajaj;3,7;75
827;699;827;Sid Bass;3,7;81
828;3146;828;H. Ross Perot Jr;3,7;65
829;806;829;Masahiro Noda;3,7;85
830;681;830;Hubert Burda;3,7;84
831;792;831;Beatriz Davila de Santo Domingo;3,7;84
832;1422;832;Shamsheer Vayalil;3,7;47
833;1497;833;Venu Srinivasan;3,7;71
834;791;834;Nicolas DIeteren;3,7;48
835;690;835;Mary Alice Dorrance Malone;3,7;74
836;630;836;Christian Haub;3,7;59
837;866;837;John Middleton;3,7;68
838;3149;838;Hilton Schlosberg and family;3,7;71
839;854;839;Igor Altushkin;3,7;53
840;2229;840;Stephan Schnabel;3,7;49
841;1120;841;Bruce Flatt;3,7;58
842;1236;842;Alceu Elias Feldmann and family;3,7;74
843;650;843;Jay Paul;3,7;76
844;766;844;Hayes Barnard;3,7;52
845;793;845;Bob Gaglardi;3,7;83
846;1072;846;Euisun Chung;3,7;53
847;867;847;Hiroshi Mikitani;3,7;58
848;819;848;Maurizio Billi;3,7;66
849;680;849;Danielle Bellon and family;3,7;84
850;974;850;Penny Pritzker;3,6;64
851;947;851;Jon Yarbrough;3,6;66
852;1358;852;Jayshree Ullal;3,6;62
853;2752;853;Neil Shen;3,6;56
854;1299;854;Matthias Reinhart;3,6;64
855;837;855;Prasert Prasarttong-Osoth;3,6;90
856;864;856;Steven Klinsky;3,6;67
857;976;857;Renzo Rosso and family;3,6;68
858;868;858;Bob Parsons;3,6;73
859;838;859;Ira Rennert;3,6;89
860;800;860;Josh Kushner;3,6;38
861;944;861;Vincent Viola;3,6;68
862;779;862;Daniel Och;3,6;63
863;1235;863;Sandeep Engineer;3,6;62
864;893;864;Rodger Riney and family;3,6;78
865;846;865;Wim van der Leegte and family;3,6;76
866;801;866;Samuel Tak Lee;3,6;84
867;1104;867;Jose Joao Abdalla Filho;3,6;78
868;802;868;Edwin Leong;3,6;72
869;796;869;Alan Howard;3,6;60
870;919;870;Senapathy Gopalakrishnan;3,6;68
871;546;871;Ugur Sahin;3,6;58
872;950;872;John Coates;3,6;54
873;706;873;Koon Poh Keong;3,6;62
874;769;874;Yakir Gabay;3,6;57
875;812;875;Lawrence Stroll;3,6;64
876;705;876;Travis Kalanick;3,6;47
877;949;877;Cho Tak Wong;3,6;77
878;464;878;Seo Jung-jin;3,5;66
879;885;879;Fu Liquan and family;3,5;56
880;624;880;Stephane Bancel;3,5;51
881;851;881;Barry Zekelman;3,5;57
882;1212;882;Anna Katharina Viessmann;3,5;
883;898;883;Stephen Smith;3,5;72
884;3148;884;Amos Hostetter Jr;3,5;87
885;1207;885;Leonard Schleifer;3,5;71
886;1044;886;Lee Seo-hyun;3,5;50
887;805;887;Masahiro Miki;3,5;68
888;679;888;Andrej Babis;3,5;69
889;1029;889;Cao Longxiang and family;3,5;66
890;1086;890;Akira Mori and family;3,5;87
891;809;891;J.B. Pritzker;3,5;59
892;901;892;Carl Thoma;3,5;75
893;485;893;Zhao Yan;3,5;57
894;916;894;David Filo;3,5;57
895;912;895;Antonio Del Valle Ruiz and family;3,5;85
896;1019;896;Martua Sitorus;3,5;64
897;1012;897;John Paulson;3,5;68
898;986;898;Norman Braman;3,5;91
899;1865;899;Michael Polsky;3,5;75
900;523;900;Fang Wei;3,4;50
901;1036;901;Michael Federmann and family;3,4;80
902;816;902;Zeng Fangqin;3,4;58
903;626;903;Neal Blue and family;3,4;88
904;1055;904;Gregorio Perez Companc and family;3,4;88
905;951;905;Ryan Cohen;3,4;38
906;861;906;Laurence Graff and family;3,4;85
907;1552;907;Matthew Prince;3,4;49
908;1304;908;Tsai Ming-kai;3,4;73
909;775;909;Richard LeFrak and family;3,4;78
910;1457;910;Sanjiv Goenka;3,4;63
911;1247;911;Lin Chen-hai;3,4;77
912;1168;912;Joesley Batista;3,4;52
913;1169;912;Wesley Batista;3,4;51
914;255;914;Yang Huiyan and family;3,4;42
915;780;915;Horst Paulmann and family;3,4;89
916;873;916;Hans Peter Wild;3,4;82
917;1254;917;Eren Ozmen;3,4;65
918;946;918;Steve Wynn;3,4;82
919;886;919;John Gandel;3,4;89
920;1372;920;Aneel Bhusri;3,4;58
921;813;921;Tung Chee Chen;3,4;81
922;1343;922;David Murdock;3,4;100
923;890;923;Arnon Milchan;3,4;79
924;1146;924;Karsanbhai Patel;3,4;80
925;1115;925;Jack Cowin;3,4;81
926;1095;926;Stewart Rahr;3,4;78
927;888;927;Kwek Leng Beng;3,4;83
928;884;928;Walter Frey;3,4;80
929;719;929;Rufino Vigil Gonzalez;3,4;75
930;1078;930;Adi Godrej;3,4;81
931;1079;930;Jamshyd Godrej;3,4;75
932;1087;930;Rishad Naoroji;3,4;72
933;1073;930;Smita Crishna-Godrej;3,4;73
934;979;934;Timur Turlov;3,4;36
935;1390;935;Willis Johnson;3,4;76
936;872;936;Stefan von Holtzbrinck;3,4;60
937;1183;937;Stewart Horejsi and family;3,4;86
938;970;938;Jonathan Nelson;3,4;67
939;1423;939;Radha Vembu;3,3;51
940;3150;940;Holden Spaht;3,3;49
941;3151;940;Scott Crabill;3,3;54
942;3152;940;Seth Boro;3,3;48
943;980;943;Frank VanderSloot;3,3;75
944;1022;944;Sunny Varkey;3,3;66
945;978;945;Rita Tong Liu;3,3;75
946;920;946;Luciano Hang;3,3;61
947;1093;947;Madhukar Parekh;3,3;77
948;1175;948;Fernando Chico Pardo;3,3;72
949;3153;949;Edward DeBartolo Jr;3,3;77
950;829;950;Walter P.J. Droege;3,3;71
951;835;951;Daniel Loeb;3,3;62
952;899;952;Nik Storonsky;3,3;39
953;1374;953;J. Hyatt Brown;3,3;86
954;1031;954;John Caudwell;3,3;71
955;1228;955;Peggy Cherng;3,3;76
956;1227;955;Andrew Cherng;3,3;76
957;957;957;Sergei Gordeev;3,3;51
958;1144;958;Yuji Otsuka;3,3;70
959;849;959;Yang Shaopeng;3,3;66
960;1335;960;Kevin David Lehmann;3,3;21
961;932;961;Ravi Pillai;3,3;70
962;1276;962;Otto Philipp Braun;3,3;46
963;879;963;John Arnold;3,3;49
964;906;964;Giuliana Benetton;3,3;86
965;907;965;Luciano Benetton;3,3;88
966;908;966;Arun Bharat Ram;3,3;83
967;1516;967;Anu Aga;3,3;81
968;994;968;Jean Coutu and family;3,3;96
969;1456;969;Harsh Goenka;3,3;66
970;1292;970;Fatih Ozmen;3,3;66
971;1124;971;Nadir Godrej;3,3;73
972;542;972;Jane Lauder;3,3;51
973;804;973;Mohamed Mansour;3,3;76
974;1240;974;J. Tomilson Hill;3,3;75
975;1331;975;Bom Kim;3,3;45
976;855;976;Ramon Ang;3,3;70
977;857;977;Markus Blocher;3,3;53
978;948;978;Zhou Bajin;3,2;88
979;1053;979;God Nisanov;3,2;51
980;1042;979;Zarakh Iliev;3,2;57
981;2524;981;Wu Xiangdong;3,2;55
982;1127;982;Samvel Karapetyan;3,2;58
983;1879;983;August Troendle;3,2;68
984;1691;984;Satyanarayan Nuwal;3,2;71
985;331;985;Zhang Hejun;3,2;72
986;1386;986;Lutz Mario Helmig and family;3,2;77
987;1283;987;Alfred Gantner;3,2;55
988;1279;987;Marcel Erni;3,2;59
989;1307;987;Urs Wietlisbach;3,2;62
990;918;990;Sergei Galitsky;3,2;56
991;1177;991;Maria Del Pino;3,2;67
992;997;992;Stephen Deckoff;3,2;58
993;1677;993;George Kurtz;3,2;53
994;939;994;Warren Stephens;3,2;67
995;1181;995;Eric Douglas;3,2;55
996;937;996;Isabella Seragnoli;3,2;78
997;985;997;George Bishop;3,2;86
998;1134;998;Frank Laukien;3,2;64
999;1002;999;Susan Carol Holland;3,2;67
1000;3156;1000;William Wrigley Jr;3,2;60
1001;984;1001;Nicolas Berggruen;3,2;62
1002;863;1002;Robert Johnson;3,2;76
1003;874;1003;Wu Guanjiang and family;3,2;55
1004;1180;1004;Carl Douglas;3,2;62
1005;1237;1005;Serge Godin;3,2;74
1006;880;1006;Bill Austin;3,2;82
1007;1060;1007;Rodney Sacks;3,2;74
1008;3154;1008;Drayton McLane Jr;3,2;87
1009;842;1009;Karin Sartorius-Herbst;3,2;
1010;889;1010;Pablo Legorreta;3,2;60
1011;783;1011;Howard Schultz;3,2;70
1012;871;1012;Leena Tewari;3,2;66
1013;882;1013;Bennett Dorrance;3,2;78
1014;1050;1014;Ronald McAulay;3,2;88
1015;1089;1015;Nandan Nilekani;3,2;68
1016;1154;1016;Salil Singhal;3,2;76
1017;991;1017;Todd Christopher;3,2;61
1018;1272;1018;Brian Acton;3,1;52
1019;3155;1019;Frank Fertitta III;3,1;62
1020;1461;1020;Hortensia Herrero;3,1;73
1021;902;1021;Todd Wanek;3,1;59
1022;972;1022;Katharina Otto-Bernstein;3,1;60
1023;860;1023;Alessandra Garavoglia;3,1;64
1024;1187;1024;Alicia Koplowitz;3,1;70
1025;1993;1025;Sergei Studennikov and family;3,1;56
1026;955;1026;Martin Ebner;3,1;78
1027;973;1027;Sergei Popov;3,1;52
1028;960;1028;Bertil Hult;3,1;83
1029;1147;1029;Richard Peery;3,1;85
1030;1130;1030;Yuri Kovalchuk and family;3,1;72
1031;811;1031;Jerry Speyer and family;3,1;83
1032;1039;1032;Otto Happel;3,1;76
1033;1989;1033;Frank Slootman;3,1;65
1034;1689;1034;Mofatraj Munot;3,1;79
1035;2461;1035;Nikhil Kamath;3,1;37
1036;1150;1036;Wayne Rothbaum;3,1;56
1037;1016;1037;Robert Sands;3,1;65
1038;975;1038;Theodore Rachmat;3,1;80
1039;1057;1039;Arvind Poddar;3,1;66
1040;922;1040;Hu Baifan;3,1;61
1041;1009;1041;Harsh Mariwala;3,1;72
1042;1021;1042;Sukanto Tanoto;3,1;74
1043;2731;1043;Guo Guangchang;3,1;57
1044;1218;1044;Bill Alfond;3,1;75
1045;1219;1044;Susan Alfond;3,1;78
1046;1220;1044;Ted Alfond;3,1;79
1047;930;1047;Geoffrey Palmer;3,1;73
1048;724;1048;Vanich Chaiyawan;3,1;92
1049;995;1049;Catheline Perier DIeteren;3,1;79
1050;1579;1050;Nikolai Buinov;3,1;56
1051;969;1051;Farhad Moshiri;3,1;68
1052;1368;1052;George Argyros and family;3,1;87
1053;836;1053;Margarita Louis-Dreyfus and family;3,1;61
1054;1076;1054;Lorenzo Fertitta;3,1;55
1055;3158;1055;T.S. Kalyanaraman;3;76
1056;1003;1056;Hui Ka Yan;3;65
1057;587;1057;Li Gaiteng;3;51
1058;905;1058;Karen Virginia Beckmann Legoretta;3;
1059;1328;1059;Justin Ishbia;3;46
1060;966;1060;Vladimir Litvinenko and family;3;68
1061;1100;1061;Meg Whitman;3;67
1062;1290;1062;Kalanithi Maran;3;58
1063;3159;1063;Wu Guangming;3;62
1064;600;1064;Forrest Li;3;46
1065;566;1065;Zhang Tao;3;51
1066;832;1066;Mikhail Gutseriev;3;65
1067;983;1067;Semahat Sevim Arsel;3;95
1068;1253;1068;Tomas Olivo Lopez;3;50
1069;1289;1069;Catherine Lozick;3;78
1070;1535;1070;Michael Jordan;3;61
1071;1597;1071;Eduardo Eurnekian;3;91
1072;900;1072;Jeffrey Talpins;3;48
1073;1406;1073;Prathap Reddy;3;92
1074;1059;1074;Haim Saban;3;79
1075;1322;1075;James Duff;3;62
1076;1323;1075;Thomas Duff;3;67
1077;1034;1077;John Paul DeJoria;3;79
1078;3254;1078;Solina Chau;3;62
1079;1232;1079;Oleg Deripaska;3;56
1080;977;1080;Friede Springer;3;81
1081;1944;1081;Ramesh Juneja;3;68
1082;1051;1082;Erwin Franz Mueller;3;91
1083;1317;1083;Morris Chang;3;92
1084;768;1084;Charles Cohen;3;72
1085;745;1085;Wu Yiling;3;74
1086;2796;1086;Zhang Lei;3;51
1087;909;1087;Ron Burkle;3;71
1088;1176;1088;Ray Davis;3;82
1089;987;1089;Eva Maria Bucher-Haefner;3;67
1090;1158;1090;Thomas Tull;3;53
1091;1043;1091;Ipek Kirac;2,9;39
1092;1080;1092;Lee Yeow Chor;2,9;57
1093;1405;1093;Phillip T. (Terry) Ragon;2,9;74
1094;1697;1094;Olivier Pomel;2,9;46
1095;1035;1095;Bernard Ecclestone and family;2,9;93
1096;815;1096;Xia Zuoquan;2,9;62
1097;1173;1097;Richard Chandler;2,9;65
1098;1392;1098;Chris Larsen;2,9;63
1099;1943;1099;Rajeev Juneja;2,9;58
1100;2219;1100;G. M. Rao;2,9;73
1101;917;1101;Lindsay Fox;2,9;86
1102;1157;1102;Glen Taylor;2,9;82
1103;512;1103;Cheng Xue;2,9;54
1104;1669;1104;Yusuf Hamied;2,9;87
1105;858;1105;Richard Branson;2,9;73
1106;1061;1106;Karthik Sarma;2,9;49
1107;1213;1107;Jurgen Wirtgen;2,9;58
1108;1214;1107;Stefan Wirtgen;2,9;53
1109;772;1109;Ji Qi;2,9;57
1110;1282;1110;Bernard Fraisse and family;2,9;67
1111;1198;1111;C. Dean Metropoulos;2,9;77
1112;348;1112;Liu Jincheng and family;2,9;59
1113;1297;1113;Qiu Jianping and family;2,9;62
1114;1200;1114;Falguni Nayar;2,9;61
1115;1215;1115;Zhao Lixin;2,9;58
1116;662;1116;Chen Hua and family;2,9;58
1117;1210;1117;Julia Thiele-Schuerhoff;2,9;52
1118;1122;1118;Robert Friedland;2,9;73
1119;1063;1119;Daniel Sundheim;2,9;46
1120;1325;1120;John Fisher;2,9;62
1121;1478;1121;Anand Mahindra;2,9;68
1122;1116;1122;Glenn Dubin;2,9;66
1123;1090;1123;Benjamin Otto;2,9;
1124;1156;1124;Evan Spiegel;2,9;33
1125;929;1125;Aristotelis Mistakidis;2,9;62
1126;1075;1126;Du Jiangtao and family;2,9;54
1127;817;1127;Zhang Jian;2,9;55
1128;833;1128;Patrick Lee;2,9;82
1129;2017;1129;Zhang Bangxin;2,9;44
1130;1011;1130;Maja Oeri;2,8;69
1131;1117;1131;N. Murray Edwards;2,8;64
1132;1401;1132;Thi Phuong Thao Nguyen;2,8;53
1133;1251;1133;Lachhman Das Mittal;2,8;93
1134;913;1134;Gustavo Denegri and family;2,8;86
1135;2775;1135;Qiu Guanghe and family;2,8;72
1136;1123;1136;Alexander Frolov;2,8;59
1137;1074;1137;Eleanor Butt Crook and family;2,8;91
1138;1088;1138;Philip Niarchos;2,8;70
1139;1094;1139;Sean Parker;2,8;44
1140;778;1140;Shigenobu Nagamori;2,8;79
1141;1482;1141;Nirmal Minda;2,8;66
1142;962;1142;Kuok Khoon Hong;2,8;74
1143;1091;1143;Maren Otto;2,8;
1144;1815;1144;Chen Tianshi;2,8;39
1145;1225;1145;Herb Chambers;2,8;82
1146;1038;1146;Gu Yuhua and family;2,8;74
1147;1345;1147;Lirio Parisotto;2,8;70
1148;1479;1148;Rafique Malik;2,8;73
1149;1230;1149;Yadu Hari Dalmia and family;2,8;76
1150;1201;1150;James Packer;2,8;56
1151;1762;1151;Alexis Le-Quoc;2,8;49
1152;1268;1152;Oprah Winfrey;2,8;70
1153;1246;1153;Li Hongxin and family;2,8;70
1154;406;1154;Gao Jifan and family;2,8;59
1155;1472;1155;Theodore Leonsis;2,8;68
1156;1135;1156;Maritsa Lazari and family;2,8;79
1157;1110;1157;Harindarpal Banga;2,8;73
1158;1229;1158;Leon G. Cooperman;2,8;80
1159;2220;1159;P.V. Ramprasad Reddy;2,8;65
1160;1204;1160;Alejandro Santo Domingo;2,8;47
1161;1995;1161;Kevin Systrom;2,8;40
1162;967;1162;Daniel Mate;2,8;60
1163;1199;1163;Hans Georg Naeder;2,8;62
1164;3255;1164;Li Liufa and family;2,8;66
1165;1273;1165;Abdulla Al Futtaim and family;2,8;84
1166;1149;1166;Paolo Rocca;2,8;71
1167;1148;1167;Gianfelice Rocca;2,8;75
1168;3176;1168;Zhang Xinghai and family;2,8;61
1169;1092;1169;Ranjan Pai;2,8;51
1170;1165;1170;Felix Baker;2,8;54
1171;1166;1171;Julian Baker;2,8;57
1172;830;1172;Fan Daidi;2,8;58
1173;1353;1173;Alberto Siccardi and family;2,8;79
1174;968;1174;Ravi Modi;2,8;46
1175;834;1175;Leng Youbin;2,7;55
1176;1139;1176;Vincent McMahon;2,7;78
1177;1619;1177;Kentaro Ogawa;2,7;75
1178;1141;1178;Denis O  Brien;2,7;65
1179;1010;1179;Gilles Martin;2,7;60
1180;2905;1180;Michael Saylor;2,7;59
1181;1172;1181;Cen Junda;2,7;59
1182;921;1182;Michael Hintze;2,7;70
1183;640;1183;Hu Kaijun;2,7;62
1184;499;1184;Ibrahim Erdemoglu;2,7;61
1185;1487;1185;Florentino Perez;2,7;76
1186;1077;1186;Sebastian Glaser;2,7;
1187;1096;1187;Su Hua;2,7;42
1188;1062;1188;Sybill Storz;2,7;86
1189;1040;1188;Gudrun Heine;2,7;69
1190;1097;1190;Sun Shoukuan;2,7;74
1191;894;1191;Phil Ruffin;2,7;88
1192;1388;1192;Thomas James;2,7;81
1193;3256;1193;Li Hua;2,7;46
1194;1142;1194;Timm Oberwelland;2,7;
1195;1071;1195;Choo Chong Ngen;2,7;70
1196;1255;1196;John Pritzker;2,7;70
1197;1653;1197;Sanjeev Bikhchandani;2,7;60
1198;1037;1198;Kenneth Feld and family;2,7;75
1199;1159;1199;Bulat Utemuratov;2,7;66
1200;1133;1200;Hans Langer;2,7;72
1201;1244;1201;Brad Kelley;2,7;67
1202;1260;1202;Jeff Sutton;2,7;64
1203;1129;1203;Mustafa Rahmi Koc;2,7;93
1204;2711;1204;Chen Fashu;2,7;63
1205;998;1205;Feng Hailiang;2,7;63
1206;1266;1206;Peter Unger;2,7;79
1207;1291;1207;Jed McCaleb;2,7;49
1208;1825;1208;Daniel Dines;2,7;52
1209;1484;1209;Eugene Murtagh;2,7;81
1210;1153;1210;Christiane Schoeller;2,7;
1211;1224;1211;Vivek Chand Burman;2,7;86
1212;941;1212;Roman Trotsenko;2,7;53
1213;1286;1213;Peter Hargreaves;2,7;77
1214;892;1214;Julio Ponce Lerou;2,7;78
1215;1498;1215;Edward Stack;2,7;69
1216;1006;1216;Egor Kulkov;2,7;52
1217;952;1217;Deng Wen;2,6;55
1218;1481;1218;Kiran Mazumdar-Shaw;2,6;70
1219;3160;1219;John Dorrance III;2,6;80
1220;1300;1220;Arnout Schuijff;2,6;56
1221;1270;1221;Xie Weitong;2,6;67
1222;1164;1222;Ben Ashkenazy;2,6;54
1223;1167;1223;David Baszucki;2,6;61
1224;1112;1224;Anne Beaufour;2,6;60
1225;1113;1224;Henri Beaufour;2,6;58
1226;770;1226;Huang Li;2,6;60
1227;1626;1227;Dwight Schar;2,6;82
1228;1709;1228;Tran Dinh Long;2,6;63
1229;1007;1229;Lin Ming-hsiung;2,6;74
1230;2840;1230;Fred Ehrsam;2,6;35
1231;1275;1231;Koos Bekker;2,6;71
1232;1295;1232;Daniel Pritzker;2,6;64
1233;1099;1233;Tung Chee Hwa;2,6;86
1234;3161;1234;Bernard Saul II and family;2,6;91
1235;1412;1235;Kavitark Ram Shriram;2,6;67
1236;1887;1236;Alan Wilson;2,6;83
1237;1888;1236;Bruce Wilson;2,6;77
1238;1889;1236;John Wilson;2,6;86
1239;878;1239;Mohed Altrad;2,6;75
1240;3169;1240;Ruan Hongliang;2,6;63
1241;910;1241;Chen Kaixuan;2,6;65
1242;1710;1242;Alan Trefler;2,6;67
1243;3165;1243;Sun Guangxin;2,6;61
1244;1189;1244;Henry Laufer;2,6;78
1245;1308;1245;Jerry Yang;2,6;55
1246;2733;1246;Xie Liangzhi and family;2,6;58
1247;990;1247;Chan Tan Ching-fen;2,6;
1248;1521;1248;Wilhelm Beier and family;2,6;67
1249;1311;1249;Mortimer Zuckerman;2,6;86
1250;1082;1250;Dmitry Mazepin;2,6;55
1251;1471;1251;Christian Latouche and family;2,6;83
1252;1321;1252;K. Dinesh;2,6;69
1253;2294;1253;Balkrishan Goenka;2,6;57
1254;2015;1254;Michael Minhong Yu;2,6;62
1255;1128;1255;Kei Hoi Pang;2,6;58
1256;1590;1256;Sol Daurella;2,6;58
1257;2036;1257;Reinold Geiger;2,6;76
1258;1085;1258;Taha Mikati;2,6;79
1259;1252;1259;Bobby Murphy;2,6;35
1260;1558;1260;Bhadresh Shah;2,6;72
1261;3162;1261;Roy Carroll II;2,6;61
1262;1265;1262;Donald Trump;2,6;77
1263;1211;1263;John Tyson and family;2,5;70
1264;1084;1264;Najib Mikati;2,5;68
1265;605;1265;Issad Rebrab and family;2,5;80
1266;1445;1266;Domenico Dolce;2,5;65
1267;1451;1266;Stefano Gabbana;2,5;61
1268;1444;1268;Beda Diethelm;2,5;83
1269;1812;1269;Christian Birkenstock;2,5;51
1270;1342;1270;Vadim Moshkovich;2,5;56
1271;1334;1271;Stephen Lansdown;2,5;71
1272;1241;1272;Jay-Z;2,5;54
1273;1222;1273;Thor Bjorgolfsson;2,5;56
1274;1305;1274;Ted Turner;2,5;85
1275;1446;1275;Ralph Dommermuth;2,5;60
1276;1140;1276;Patrice Motsepe;2,5;62
1277;1303;1277;Lucio Tan;2,5;89
1278;2184;1278;Alexander Karp;2,5;56
1279;1480;1279;Katarina Martinson;2,5;42
1280;1208;1280;Dieter Schnabel;2,5;78
1281;844;1281;Scott Shleifer;2,5;46
1282;1233;1282;Sergey Dmitriev;2,5;57
1283;1197;1283;Hans Melchers;2,5;85
1284;2776;1284;An Kang;2,5;75
1285;971;1285;Or Wai Sheun;2,5;72
1286;1264;1286;Byron Trott;2,5;65
1287;3167;1287;Ye Chenghai and family;2,5;80
1288;1284;1288;Paul Gauselmann and family;2,5;89
1289;1234;1289;Joseph Edelman;2,5;68
1290;1464;1290;Jared Isaacman;2,5;41
1291;1274;1291;Edward Bass;2,5;78
1292;3257;1292;Alexander Lutsenko and family;2,5;61
1293;1028;1293;Alberto Bombassei;2,5;83
1294;1701;1294;Anatoly Sedykh;2,5;59
1295;988;1295;Cai Dongchen;2,5;71
1296;1333;1296;Lam Kong;2,5;59
1297;1111;1297;Ulrike Baro;2,5;
1298;1934;1298;Patrick Hanrahan;2,5;68
1299;1414;1299;William Stone;2,5;68
1300;1603;1300;Reid Hoffman;2,5;56
1301;1881;1301;Sekar Vembu;2,5;52
1302;1221;1302;Riley Bechtel and family;2,5;71
1303;1223;1303;Charles Bronfman;2,5;92
1304;1267;1304;Roger Wang;2,5;75
1305;1245;1305;Wolfgang Leitner;2,5;70
1306;3163;1306;Stephen Mandel Jr;2,5;67
1307;2129;1307;Zheng Jianjiang and family;2,4;63
1308;1281;1308;Gerald Ford;2,4;79
1309;1058;1309;Alexey Repik;2,4;44
1310;1385;1310;Hans-Werner Hector;2,4;84
1311;3258;1311;Xiang Guangda;2,4;66
1312;1217;1312;S. Daniel Abraham;2,4;99
1313;3157;1313;Song Zuowen;2,4;76
1314;1238;1314;Alec Gores;2,4;70
1315;1713;1315;Martin Viessmann;2,4;70
1316;1277;1316;Chen Tei-fu;2,4;75
1317;1351;1317;Richard Sands;2,4;72
1318;1288;1318;Kwek Leng Kee;2,4;69
1319;989;1319;Jean-Pierre Cayard;2,4;81
1320;1301;1320;Hans Sy;2,4;68
1321;1171;1321;Miriam Baumann-Blocher;2,4;49
1322;1205;1322;Steven Sarowitz;2,4;58
1323;1105;1323;Juan Abello;2,4;82
1324;3164;1324;Huang Zhenda and family;2,4;76
1325;1000;1325;Sam Goi;2,4;77
1326;1339;1326;Kishore Mariwala;2,4;89
1327;2159;1327;Anand Deshpande;2,4;61
1328;1103;1328;Zhu Xingming;2,4;57
1329;657;1329;Wang Wenjing;2,4;59
1330;1195;1330;Lu Weiding;2,4;53
1331;1136;1331;Angela Leong;2,4;62
1332;1426;1332;David Wertheim;2,4;66
1333;1407;1333;Jerry Reinsdorf;2,4;88
1334;1604;1334;Hu Rongda and family;2,4;65
1335;786;1335;Wang Yanqing and family;2,4;57
1336;1327;1336;Erman Ilicak;2,4;56
1337;2351;1337;Atul Ruia;2,4;53
1338;3170;1338;Wang Xicheng and family;2,4;75
1339;3166;1339;Henry Sy Jr;2,4;70
1340;1257;1340;Ferit Faik Sahenk;2,4;59
1341;1330;1341;Bruce Karsh;2,4;68
1342;1863;1342;Andreas Pohl;2,4;59
1343;1743;1343;Alexandre Grendene Bartelle;2,4;74
1344;583;1344;Ali Erdemoglu;2,4;64
1345;2992;1345;Patrick Zalupski;2,4;43
1346;1132;1346;Jonathan Kwok;2,4;31
1347;1131;1346;Geoffrey Kwok;2,4;38
1348;914;1348;Dong Jinggui;2,4;
1349;1302;1349;Herbert Sy;2,4;67
1350;1561;1350;Sylvia Stroeher;2,4;68
1351;1231;1351;Henry Davis;2,4;73
1352;1182;1352;Fiona Geminder;2,4;59
1353;1988;1353;Basudeo Singh;2,4;83
1354;3259;1354;Kwak Dong Shin;2,4;49
1355;1394;1355;Liang Xinjun;2,4;55
1356;1598;1356;David Fong;2,4;66
1357;1436;1357;Martin Bouygues;2,4;
1358;1437;1357;Olivier Bouygues;2,4;73
1359;1393;1359;Solomon Lew;2,3;78
1360;1306;1360;David Walentas;2,3;85
1361;1348;1361;Alberto Prada;2,3;70
1362;1349;1361;Marina Prada;2,3;78
1363;1454;1363;Kamal Ghaffarian;2,3;65
1364;1285;1364;Mitchell Goldhar;2,3;62
1365;1600;1365;Surjit Kumar Gupta;2,3;82
1366;1341;1366;Mi Enhua;2,3;65
1367;1026;1367;Zhu Gongshan and family;2,3;66
1368;1421;1368;Lottie Tham and family;2,3;74
1369;1363;1369;Paul-Heinz Wesjohann and family;2,3;80
1370;1344;1370;David Nahmad;2,3;76
1371;1455;1371;Dennis Gillings;2,3;79
1372;1310;1372;Yang Weidong and family;2,3;55
1373;1318;1373;Chao Teng-hsiung;2,3;79
1374;2407;1374;Prem Kumar Arora;2,3;85
1375;1263;1375;Arvind Tiku;2,3;54
1376;1015;1376;Stephen Rubin;2,3;86
1377;1346;1377;Augusto Perfetti;2,3;
1378;1347;1377;Giorgio Perfetti;2,3;
1379;1438;1379;William Boyd and family;2,3;92
1380;1769;1380;Palmer Luckey;2,3;31
1381;1772;1381;Ilson Mateus and family;2,3;61
1382;1459;1382;Stein Erik Hagen;2,3;67
1383;1170;1383;Yvonne Bauer;2,3;46
1384;1389;1384;James Jannard;2,3;74
1385;1450;1385;Paul Foster;2,3;66
1386;1400;1386;Adam Neumann;2,3;44
1387;1578;1387;Julio Bozano;2,3;88
1388;1620;1388;Ajay Parekh;2,3;66
1389;1357;1389;T.Y. Tsai;2,3;71
1390;2102;1390;Airat Shaimiev;2,3;61
1391;1621;1391;Narendrakumar Parekh;2,3;85
1392;1429;1392;Yeung Kin-man;2,3;59
1393;1338;1393;Lim Kok Thay;2,3;72
1394;1354;1394;Stefan Soloviev;2,3;48
1395;1316;1395;Timothy Boyle;2,3;74
1396;1851;1396;Lee Yeow Seng;2,3;46
1397;1591;1397;Mark Davis;2,3;68
1398;1601;1398;Caroline Hagen Kjos;2,3;40
1399;656;1399;Wang Junshi and family;2,3;75
1400;1373;1400;Brett Blundy;2,3;64
1401;865;1401;William Lauder;2,3;63
1402;1312;1402;John Armitage;2,3;64
1403;2764;1403;Shi Yuzhu;2,3;61
1404;2218;1404;Jupally Rameshwar Rao;2,3;68
1405;1741;1405;Rolf Gerling;2,3;69
1406;1708;1406;Jim Thompson;2,3;84
1407;1379;1407;Tom Ford;2,2;62
1408;1381;1408;Noam Gottesman;2,2;62
1409;1834;1409;Irving Grousbeck and family;2,2;89
1410;1449;1410;Bob Ell;2,2;79
1411;1416;1411;Harley Sy;2,2;64
1412;1656;1412;R.G. Chandramogan;2,2;74
1413;1190;1413;Louis Le Duff;2,2;77
1414;738;1414;Alfred Oetker;2,2;57
1415;739;1414;Carl Ferdinand Oetker;2,2;51
1416;740;1414;Julia Oetker;2,2;45
1417;3168;1417;Reinfried Pohl Jr;2,2;64
1418;1520;1418;Pavel Baudis;2,2;63
1419;1577;1419;David Blitzer;2,2;54
1420;2760;1420;Shi Yonghong and family;2,2;55
1421;1294;1421;Tor Peterson;2,2;59
1422;1511;1422;Michael Ying;2,2;74
1423;2970;1423;Luiz Frias;2,2;60
1424;1188;1424;Adam Kwok;2,2;40
1425;1382;1425;Jeffrey Gundlach;2,2;65
1426;903;1426;Xue Hua;2,2;
1427;1350;1427;Filiz Sahenk;2,2;57
1428;1045;1428;Li Jianquan and family;2,2;67
1429;1313;1429;Lee Bass;2,2;67
1430;1469;1430;Lam Wai-ying;2,2;
1431;1700;1431;Karin Schick;2,2;
1432;1355;1432;Tang Yiu;2,2;89
1433;1441;1433;Bruce Cheng;2,2;87
1434;1647;1434;Cameron Adams;2,2;44
1435;1431;1434;Oren Zeev;2,2;59
1436;1783;1436;Paul Saville;2,2;68
1437;3187;1437;Zygmunt Solorz;2,2;67
1438;1439;1438;Anand Burman;2,2;71
1439;1226;1439;Cheng Yixiao;2,2;40
1440;1384;1440;Shmuel Harlap;2,2;79
1441;1432;1441;Clayton Zekelman;2,2;55
1442;1622;1442;Jennifer Pritzker;2,2;73
1443;1569;1443;Zhang Fan;2,2;58
1444;1733;1444;Kommer Damen;2,2;79
1445;1377;1445;Dermot Desmond;2,2;73
1446;1365;1446;Xu Shugen;2,2;58
1447;1680;1447;Louise Lindh;2,2;44
1448;1717;1448;Kie Chie Wong;2,2;75
1449;2190;1449;Kristo Kaeaermann;2,2;43
1450;1537;1450;Shlomo Kramer;2,2;57
1451;2008;1451;Weng Xianding;2,2;62
1452;1398;1452;Howard Marks;2,2;77
1453;2337;1453;Kailashchandra Nuwal;2,2;66
1454;797;1454;Huang Yi;2,2;62
1455;1417;1455;Teresita Sy-Coson;2,2;73
1456;1646;1456;Anita Zucker;2,1;72
1457;981;1457;Yoo Jung-hyun;2,1;54
1458;2336;1458;Scott Nuttall;2,1;51
1459;2362;1459;Abhay Soi;2,1;50
1460;1447;1460;Georgi Domuschiev;2,1;51
1461;1448;1460;Kiril Domuschiev;2,1;54
1462;1402;1462;Ni Yongpei and family;2,1;72
1463;1460;1463;Bahaa Hariri;2,1;57
1464;1489;1464;Leonid Radvinsky;2,1;41
1465;963;1465;Aerin Lauder;2,1;53
1466;1738;1466;Francois Feuillet and family;2,1;75
1467;1509;1467;Elaine Wynn;2,1;81
1468;1453;1468;Gordon Getty;2,1;90
1469;2781;1469;Ernest Garcia  III;2,1;41
1470;1186;1470;Dmitry Kamenshchik;2,1;55
1471;1546;1471;Alexander Mamut;2,1;64
1472;2230;1472;Devi Shetty;2,1;71
1473;2103;1473;Radik Shaimiev;2,1;59
1474;1138;1474;Liang Yunchao;2,1;55
1475;1859;1475;P.N.C. Menon;2,1;75
1476;1352;1476;Stephan Schmidheiny;2,1;76
1477;1375;1477;Chen Jinxia;2,1;55
1478;1693;1478;Nihat Ozdemir;2,1;73
1479;1371;1478;Sezai Bacaksiz;2,1;74
1480;1992;1480;Thomas Steyer;2,1;66
1481;1184;1481;Hou Juncheng;2,1;59
1482;1367;1482;Zhang Jingzhang and family;2,1;88
1483;1829;1483;Richard Fortin;2,1;75
1484;1023;1484;Gang Ye;2,1;43
1485;3172;1485;Karl Scheufele III and family;2,1;85
1486;2231;1486;Albert Shigaboutdinov;2,1;71
1487;2239;1487;Rustem Sulteev;2,1;70
1488;1249;1488;Prayudh Mahagitsiri;2,1;78
1489;1557;1489;T. Denny Sanford;2,1;88
1490;3181;1490;Qian Dongqi;2,1;66
1491;1462;1491;Douglas Hsu;2,1;81
1492;1636;1492;Masateru Uno and family;2,1;77
1493;1470;1493;Marc Lasry;2,1;63
1494;1606;1494;Hui Wing Mau;2,1;73
1495;1465;1495;Eugene Kaspersky;2,1;58
1496;1662;1496;D. Leopoldo Del Pino;2,1;61
1497;1897;1497;Steven Meng Yang and family;2,1;41
1498;1659;1498;Tim Cook;2,1;63
1499;1824;1499;Jamie Dimon;2,1;67
1500;1502;1500;Barbara Tyson;2,1;74
1501;1631;1501;Peter Sondakh;2,1;74
1502;1634;1502;Hermanto Tanoko;2,1;61
1503;1744;1503;Gerry Harvey;2,1;84
1504;1155;1504;Alexander Skorobogatko;2,1;56
1505;1950;1505;Spiro Latsis and family;2,1;77
1506;1488;1506;Victor Pinchuk;2,1;63
1507;1476;1507;Daniel Lubetzky;2,1;55
1508;2847;1508;Guilherme Benchimol;2,1;47
1509;1873;1509;Ryan Smith;2,1;45
1510;1638;1510;Jitendra Virwani;2,1;58
1511;621;1511;Xu Jinfu and family;2,1;60
1512;1789;1512;Jonathan Tisch;2,1;70
1513;1985;1513;Ben Silbermann;2,1;41
1514;1121;1514;Miguel Fluxa Rossello;2,1;85
1515;1774;1515;Alberto Palatchi;2,1;74
1516;1683;1516;Jose Roberto Marinho;2,1;68
1517;1397;1517;Igor Makarov;2,1;61
1518;1826;1518;Alfredo Egydio Arruda Villela Filho;2,1;54
1519;1682;1519;Joao Roberto Marinho;2,1;70
1520;1637;1520;Vardis Vardinoyannis and family;2,1;91
1521;1684;1521;Roberto Irineu Marinho;2;76
1522;1953;1522;Nicola Leibinger-Kammueller;2;64
1523;1951;1522;Peter Leibinger;2;57
1524;1952;1522;Regine Leibinger;2;61
1525;1518;1525;Andrey Andreev;2;50
1526;3171;1526;David Adelman;2;51
1527;1418;1527;Katsumi Tada;2;78
1528;1655;1528;Alejandro Bulgheroni;2;79
1529;1983;1529;Sheryl Sandberg;2;54
1530;1262;1530;Andrew Tan;2;72
1531;1161;1531;Wong Man Li;2;59
1532;1730;1532;David Booth;2;78
1533;1820;1533;Jack Cockwell;2;83
1534;1519;1534;Michael Ashcroft;2;78
1535;881;1535;Chen Shibin;2;57
1536;1612;1536;James Leprino;2;86
1537;2222;1537;Fernando Roig;2;76
1538;1152;1538;Raj Sardana;2;63
1539;1970;1539;Stefan Olsson;2;75
1540;1547;1540;Craig McCaw;2;74
1541;1608;1541;Richard Kayne;2;78
1542;1491;1542;P.P. Reddy;2;66
1543;1580;1543;Nicola Bulgari;2;83
1544;1530;1544;John Hancock;2;48
1545;1610;1545;Edward Lampert;2;61
1546;1780;1546;Brian Roberts;2;64
1547;1567;1547;William Young;2;83
1548;1565;1548;Ion Tiriac;2;84
1549;3199;1549;Zhou Hongyi;2;53
1550;1818;1550;Ivan Chrenko;2;56
1551;1538;1551;Heikki Kyostila;2;78
1552;3174;1552;B. Wayne Hughes Jr;2;64
1553;1319;1553;Samuel Chen;2;74
1554;1553;1554;Linda Pritzker;2;70
1555;1556;1555;Ginia Rinehart;2;37
1556;1500;1556;Alexander Svetakov;2;56
1557;1896;1557;George Yancopoulos;2;64
1558;1920;1558;Chang Kuo-Hua;2;69
1559;1589;1559;Alexandra Daitch;2;61
1560;1632;1559;Lucy Stitzer;2;64
1561;1615;1559;Sarah MacMillan;2;70
1562;1555;1562;Bianca Rinehart;2;46
1563;1566;1562;Hope Welker;2;38
1564;1526;1564;Maria Franca Fissolo;2;89
1565;3173;1565;Marcelo Claure;2;53
1566;1106;1566;Suhail Bahwan;2;85
1567;1704;1567;S.D. Shibulal;2;69
1568;1618;1568;Simon Nixon;2;56
1569;1609;1569;Dominika Kulczyk;2;46
1570;1712;1570;Pieter van der Does;2;54
1571;1046;1571;Li Li;2;58
1572;1582;1572;Stephen Butt and family;2;68
1573;3175;1573;Howard Butt III and family;2;71
1574;1641;1574;Charlotte Colket Weber;2;81
1575;1541;1575;Liang Rubo;2;41
1576;2538;1576;Zhu Zhaojiang;2;50
1577;1568;1577;Ales Zavoral;2;47
1578;1720;1578;Amy Wyss;2;53
1579;1718;1579;Thomas Wu;2;73
1580;1775;1580;Mrudula Parekh;2;76
1581;1678;1581;Joe Lacob;2;68
1582;2862;1582;Qi Jinxing;2;61
1583;2408;1583;Joseph Bae;2;52
1584;1494;1584;Thaksin Shinawatra;2;74
1585;2094;1585;M.Satyanarayana Reddy;2;66
1586;926;1586;Liang Feng;2;55
1587;1971;1587;Rubens Ometto Silveira Mello;2;74
1588;1560;1588;Michal Strnad;2;31
1589;1202;1589;Alexander Ponomarenko;2;59
1590;1576;1590;Mika Anttonen;2;57
1591;1633;1591;Elizabeth Sy;2;71
1592;1611;1592;Somsri Lamsam;2;
1593;1676;1593;Koo Kwang-mo;2;46
1594;1554;1594;P.V. Krishna Reddy;2;54
1595;1845;1595;William Koch;2;83
1596;1563;1596;Larry Tanenbaum;2;78
1597;1435;1597;Travis Boersma;1,9;53
1598;1515;1598;Zhao Tao;1,9;58
1599;761;1599;Su Qingcan;1,9;55
1600;2133;1600;A. Jayson Adair;1,9;54
1601;1101;1601;Wong Luen Hei;1,9;62
1602;945;1602;Wu Shaoxun;1,9;68
1603;1320;1603;Chu Lam Yiu;1,9;54
1604;1564;1604;Wichai Thongtang;1,9;77
1605;2024;1605;Girdhari Lal Bawri;1,9;76
1606;1648;1606;Will Adderley;1,9;51
1607;1716;1607;Evan Williams;1,9;51
1608;1883;1608;Wang Changtian;1,9;58
1609;1747;1609;Jay Hennick;1,9;67
1610;1528;1610;Mario Germano Giuliani;1,9;52
1611;1623;1611;G. Rajendran;1,9;81
1612;2238;1612;Konstantin Strukov and family;1,9;65
1613;1625;1613;Larry Robbins;1,9;54
1614;1442;1614;Chi Yufeng;1,9;53
1615;1008;1615;Lin Xiucheng and family;1,9;68
1616;1639;1616;Wang Chaobin;1,9;68
1617;1550;1617;Oei Hong Leong;1,9;75
1618;2263;1618;Michael Arougheti;1,9;51
1619;1475;1619;Sergey Lomakin;1,9;50
1620;1860;1620;Massimo Moratti;1,9;78
1621;2047;1621;Drew Houston;1,9;40
1622;2164;1622;Timothy Dunn and family;1,9;68
1623;1545;1623;Bill Malhotra;1,9;74
1624;1425;1624;Wang Zhenghua;1,9;79
1625;1194;1625;Peter Lim;1,9;70
1626;2040;1626;Rajinder Gupta;1,9;65
1627;1811;1627;Alex Birkenstock;1,9;55
1628;2297;1628;Anthony Hall;1,9;68
1629;1592;1629;James Dinan;1,9;64
1630;1415;1630;Henry Swieca;1,9;66
1631;2882;1631;Shao Qinxiang;1,9;69
1632;1978;1632;Duke Reyes;1,9;66
1633;1814;1633;Cai Huabo;1,9;48
1634;1640;1634;Wang Ren-sheng;1,9;90
1635;1750;1635;Hal Jackman;1,9;91
1636;1644;1636;Gavril Yushvaev and family;1,9;66
1637;1842;1637;Sergei Katsiev;1,9;66
1638;1613;1638;David Lichtenstein;1,9;62
1639;2136;1639;Chirayu Amin;1,9;77
1640;1531;1640;Hu Yangzhong;1,9;58
1641;1660;1641;Mark Coombs;1,9;63
1642;2177;1642;Anurang Jain;1,9;61
1643;1607;1643;Scott Kapnick;1,9;65
1644;1411;1644;Alex Shevchenko;1,9;44
1645;1396;1644;Max Lytvyn;1,9;44
1646;1861;1646;Liora Ofer;1,9;70
1647;2221;1647;Satish Reddy;1,9;56
1648;925;1648;Li Liangbin;1,9;56
1649;2143;1649;Banwari Lal Bawri;1,9;70
1650;2135;1650;Rajendra Agarwal;1,9;65
1651;3177;1651;Chow Shing Yuk;1,9;46
1652;2072;1652;Liu Ming Chung;1,9;61
1653;1505;1653;Wei Ing-Chou;1,9;70
1654;1923;1654;Ana Lucia de Mattos Barretto Villela;1,9;50
1655;3189;1655;Gao Xingjiang;1,9;60
1656;1748;1656;Ilkka Herlin;1,9;65
1657;1602;1657;Roberto Ramirez;1,9;81
1658;2274;1658;Jeffrey Cheah;1,9;78
1659;687;1659;Hong Jie;1,9;56
1660;3020;1660;Rubens Menin Teixeira de Souza;1,8;67
1661;1687;1661;David Mindus;1,8;52
1662;2304;1662;Sam Hupert;1,8;69
1663;2350;1663;Bennett Rosenthal;1,8;60
1664;2307;1664;David Kaplan;1,8;56
1665;1695;1665;Pierre Karl Peladeau;1,8;62
1666;1468;1666;Thomas Kwok;1,8;72
1667;2990;1667;Tony Xu;1,8;39
1668;1506;1668;Wei Yin-Chun;1,8;66
1669;1507;1668;Wei Yin-Heng;1,8;65
1670;1508;1668;Wei Ying-Chiao;1,8;69
1671;1403;1671;Heloise Pratt;1,8;61
1672;1657;1672;Binod Chaudhary;1,8;68
1673;1899;1673;Yi Dasheng;1,8;63
1674;1726;1674;Marc Andreessen;1,8;52
1675;1686;1675;Robert G. Miller;1,8;78
1676;1499;1676;Sun Mengquan and family;1,8;74
1677;1800;1677;David Zalik;1,8;50
1678;1729;1678;Bang Si-hyuk;1,8;51
1679;965;1679;Yin Yee Lee;1,8;72
1680;2358;1680;Sytse   Sid   Sijbrandij;1,8;44
1681;1715;1681;Todd Wagner;1,8;63
1682;1434;1682;Alex Beard;1,8;56
1683;1495;1683;Shu Ping;1,8;
1684;3188;1684;Jiang Yintai and family;1,8;73
1685;1575;1685;Roberto Angelini Rossi;1,8;75
1686;1616;1686;Strive Masiyiwa;1,8;63
1687;1791;1687;Wang Chou-hsiong;1,8;83
1688;1562;1688;Otto Toto Sugiri;1,8;70
1689;1539;1689;Martin Lau;1,8;50
1690;1661;1690;John de Mol;1,8;68
1691;1723;1691;Alan Zekelman;1,8;61
1692;1617;1692;Robert Miller;1,8;90
1693;1364;1693;Xie Bingkun and family;1,8;57
1694;1692;1694;Maike Oberwelland-Height;1,8;
1695;1670;1695;Brian Higgins;1,8;59
1696;1654;1695;O. Francis Biondi;1,8;59
1697;1658;1695;Parker Conrad;1,8;43
1698;1668;1698;Christopher Goldsbury;1,8;81
1699;2187;1699;Kagemasa Kozuki;1,8;83
1700;1675;1700;Valentin Kipyatkov;1,8;47
1701;1958;1701;Scott Lin;1,8;91
1702;1817;1702;Chey Tae-won;1,8;63
1703;1685;1703;Gary Michelson;1,8;75
1704;3178;1704;Shunsaku Sagami;1,8;33
1705;1524;1705;Phongthep Chiaravanont;1,8;72
1706;1956;1706;Li Rucheng;1,8;72
1707;1770;1707;Duncan MacMillan;1,8;86
1708;1773;1708;Meng Qingshan and family;1,8;75
1709;1711;1709;Riaz Valani;1,8;47
1710;1652;1710;Sabrina Benetton;1,8;50
1711;1706;1711;Bambang Sutantio;1,8;65
1712;2079;1712;Deepak Mehta;1,8;67
1713;1650;1713;Leslie Alexander;1,8;80
1714;1688;1714;Adriaan Mol;1,8;39
1715;1665;1715;James France;1,8;79
1716;1926;1716;Mohammed Dewji;1,8;48
1717;1596;1717;Faruk Eczacibasi;1,8;69
1718;2488;1718;Dmitry Nikolaev;1,8;57
1719;1430;1719;Huijiao Yu;1,8;57
1720;2109;1720;Wilma Tisch;1,8;96
1721;1594;1721;Fritz Draexlmaier;1,8;
1722;1667;1722;Jayme Garfinkel and family;1,8;78
1723;1587;1723;Manas Chiaravanond;1,8;
1724;1666;1724;Phillip Frost;1,8;87
1725;2531;1725;Yeh Kuo-I;1,8;82
1726;1690;1726;Ezra Nahmad;1,8;78
1727;1731;1727;Jim Breyer;1,7;62
1728;1735;1728;Marek Dospiva;1,7;54
1729;1838;1729;Stanley Hubbard;1,7;90
1730;1624;1730;Ren Jianhua;1,7;67
1731;1391;1731;Lai Shixian;1,7;49
1732;1728;1732;Lesley Bamberger;1,7;58
1733;1696;1733;Ronald Perelman;1,7;81
1734;2308;1734;Kim Kardashian;1,7;43
1735;1424;1735;Wang Wenmo;1,7;67
1736;1588;1736;Prathip Chiravanond;1,7;75
1737;3179;1737;Don Levin;1,7;73
1738;1919;1738;Safra Catz;1,7;62
1739;1727;1739;Giovanni Arvedi;1,7;86
1740;2071;1740;K.C. Liu;1,7;69
1741;2100;1741;Carlos Sanchez;1,7;62
1742;1737;1742;John Elkann;1,7;48
1743;2032;1743;Sasson Dayan and family;1,7;83
1744;1048;1744;Liu Xiaodong;1,7;56
1745;2019;1745;Zhou Zongwen and family;1,7;66
1746;2045;1746;Christoph Henkel;1,7;66
1747;1990;1747;Terry Snow;1,7;80
1748;1742;1748;John Goff;1,7;68
1749;2183;1749;Zbigniew Juroszek and family;1,7;61
1750;1973;1750;George Pastor;1,7;
1751;1972;1751;Anne Marie See Pastor;1,7;
1752;1980;1752;Carlos Rodriguez-Pastor;1,7;64
1753;1793;1753;Tom Werner;1,7;73
1754;3180;1754;William Foley II;1,7;79
1755;1904;1755;Fredrik Oesterberg;1,7;53
1756;2049;1756;Rameshchandra Jain;1,7;75
1757;1850;1757;Marianna Latsis and family;1,7;70
1758;1776;1758;Dragos Paval;1,7;57
1759;2359;1759;Alexander Sixt;1,7;44
1760;2360;1759;Konstantin Sixt;1,7;41
1761;2180;1761;Conni Jonsson;1,7;63
1762;2147;1762;Stewart Butterfield;1,7;50
1763;1356;1763;Tian Ming;1,7;70
1764;2150;1764;Chang Jianming and family;1,7;59
1765;1753;1765;Osman Kibar;1,7;52
1766;1098;1766;Tseng Cheng;1,7;62
1767;1178;1767;Deng Weiming and family;1,7;55
1768;1137;1768;Li Zhongchu;1,7;60
1769;1527;1769;William Franke;1,7;86
1770;1890;1770;Anthony Wood;1,7;58
1771;1649;1771;Faisal Bin Qassim Al Thani;1,7;76
1772;2228;1772;James Scapa;1,7;67
1773;2065;1773;Manfredi Lefebvre d  Ovidio and family;1,7;70
1774;1836;1774;Ilona Herlin;1,7;59
1775;1766;1775;Jimmy John Liautaud;1,7;60
1776;1532;1776;Huang Dawen;1,7;63
1777;1501;1777;Torsten Toeller;1,7;57
1778;1477;1778;Melissa Ma;1,7;
1779;3183;1779;Norbert Dentressangle and family;1,7;69
1780;2618;1780;Sergei Sudarikov;1,7;52
1781;1946;1781;Kim Jun-ki;1,7;79
1782;1413;1782;Jeffrey Soffer;1,7;56
1783;1764;1783;James Leininger;1,7;78
1784;2726;1784;Chu Mang Yee and family;1,7;64
1785;1326;1785;Georg Haub;1,7;62
1786;1987;1786;Leonid Simanovsky;1,7;74
1787;2331;1787;Lorinc Meszaros;1,7;58
1788;1768;1788;Lu Di;1,7;
1789;1858;1789;Jim McKelvey;1,7;58
1790;3184;1790;Ron Corio;1,7;62
1791;2969;1791;Adam Foroughi;1,7;43
1792;1939;1792;Ho Hung Anh;1,7;53
1793;3192;1793;Wang Ning and family;1,7;37
1794;1699;1794;Vinod Saraf;1,7;71
1795;2181;1795;George Joseph;1,7;102
1796;1835;1796;Timothy Headington;1,7;73
1797;1486;1797;Ni Zugen;1,7;67
1798;1269;1798;Wu Zhigang and family;1,7;89
1799;1736;1799;Keith Dunleavy and family;1,7;54
1800;1777;1800;Jorge Perez;1,7;74
1801;1724;1801;Zhang Li;1,7;71
1802;1794;1802;Stephen Winn;1,7;77
1803;3185;1803;Joe Rogers Jr;1,7;77
1804;1751;1804;Pavan Jain;1,7;72
1805;1749;1805;Asok Kumar Hiranandani;1,7;69
1806;2332;1806;Jeffrey Michael and family;1,7;67
1807;2354;1807;Dhruv Sawhney;1,7;79
1808;2149;1808;Anthony Casalena;1,7;41
1809;1795;1809;Ian Wood and family;1,7;81
1810;2082;1810;Yoshiko Mori;1,7;83
1811;1868;1811;Andres Santo Domingo;1,7;45
1812;2605;1812;Ulrike Meister;1,7;56
1813;3193;1813;Wu Kai;1,7;56
1814;2271;1814;Bernhard Braun-Luedicke;1,7;47
1815;2272;1814;Eva Maria Braun-Luedicke;1,7;37
1816;2273;1814;Friederike Braun-Luedicke;1,7;40
1817;1975;1817;David Penaloza Alanis;1,7;50
1818;1849;1818;Anthony Langley;1,7;69
1819;2631;1819;Franziska Wuerbser;1,7;35
1820;1905;1820;Shiv Kishan Agrawal;1,7;83
1821;2604;1821;Gabriella Meister;1,7;
1822;1799;1822;Vladimir Yevtushenkov;1,7;75
1823;2628;1823;V. Prem Watsa;1,7;73
1824;1503;1824;Hamdi Ulukaya;1,7;51
1825;1466;1825;Artem Khachatryan;1,6;49
1826;2087;1826;Gretel Packer;1,6;57
1827;1571;1827;Zhang Wanzhen;1,6;74
1828;3084;1828;Steven Schuurman;1,6;48
1829;2122;1829;Yao Kuizhang;1,6;59
1830;1906;1830;Aziz Akhannouch and family;1,6;63
1831;1940;1831;Archie Hwang;1,6;71
1832;1433;1832;Zhao Fenggang;1,6;58
1833;2485;1833;Pawan Munjal;1,6;69
1834;1203;1834;Nicholas Pritzker;1,6;80
1835;1671;1835;Wei Huang;1,6;64
1836;2523;1836;Wu Li-gann;1,6;83
1837;2044;1837;He Xiaopeng;1,6;46
1838;708;1838;Paul Lee;1,6;66
1839;1822;1839;Jim Crane;1,6;70
1840;1725;1840;Amy Adams Strunk;1,6;68
1841;2006;1841;Jens von Bahr;1,6;53
1842;1819;1842;Robert Clark;1,6;65
1843;1408;1843;Chad Richison;1,6;53
1844;1543;1844;Lin Fanlian;1,6;62
1845;1443;1845;Daniel Chiu;1,6;63
1846;1740;1846;Mario Gabelli;1,6;81
1847;1844;1847;Randal J. Kirk;1,6;70
1848;2483;1848;Lyu Yixiong;1,6;61
1849;1808;1849;Clifford Asness;1,6;57
1850;1778;1850;Dmitry Pumpyansky;1,6;59
1851;1081;1851;Li Weiguo;1,6;59
1852;3186;1852;Herbert Allen Jr and family;1,6;83
1853;1703;1853;Shen Xiqiang and family;1,6;75
1854;2430;1854;Cho Jyh-jer;1,6;75
1855;1827;1855;Gary Fegel;1,6;50
1856;1816;1856;Chen Yung-tai;1,6;88
1857;1383;1857;Hao Hong;1,6;68
1858;1872;1858;Evgeny (Eugene) Shvidler;1,6;59
1859;1916;1859;Paolo Bulgari;1,6;86
1860;2333;1860;Alan Miller and family;1,6;86
1861;1395;1861;Harald Link;1,6;69
1862;2466;1862;Sunjay Kapur;1,6;52
1863;1674;1863;Jin Lei and family;1,6;69
1864;3093;1864;Sunil Vachani;1,6;55
1865;2499;1865;Rajesh Sharma;1,6;54
1866;1243;1866;Saban Cemil Kazanci;1,6;63
1867;1739;1867;Yasuhiro Fukushima;1,6;76
1868;2002;1868;David Teoh;1,6;68
1869;2193;1869;Art Levinson;1,6;73
1870;2054;1870;Hemendra Kothari;1,6;77
1871;1336;1871;Li Haiyan;1,6;
1872;2500;1872;Dean Solon;1,6;59
1873;3207;1873;Zhang Ning;1,6;49
1874;2357;1874;Eric Ya Shen;1,6;53
1875;2052;1875;Koh Wee Meng;1,6;60
1876;2078;1876;David McMurtry;1,6;83
1877;1936;1877;Jaroslav Hascak and family;1,6;54
1878;1174;1878;Chen Zhiping;1,6;48
1879;1796;1879;Wu Lanlan and family;1,6;50
1880;1832;1880;Bill Gross;1,6;79
1881;1746;1881;William Heinecke;1,6;74
1882;2581;1882;Inder Jaisinghani;1,6;70
1883;1807;1883;Vasily Anisimov;1,6;72
1884;1885;1884;Scott Watterson;1,6;68
1885;853;1885;Somphote Ahunai;1,6;56
1886;2498;1886;Paul Sciarra;1,6;43
1887;1595;1887;Bulent Eczacibasi;1,6;74
1888;1875;1888;Peter Sperling;1,6;64
1889;2355;1889;Gerald Schwartz;1,6;82
1890;1857;1890;Terence (Terry) Matthews;1,6;80
1891;2300;1891;Michael Heine;1,6;74
1892;2406;1892;Farkhad Akhmedov;1,6;68
1893;1837;1893;David Hoffmann;1,6;71
1894;1721;1894;Yan Zhi;1,6;51
1895;2055;1895;Sebastian Kulczyk;1,6;43
1896;2493;1896;G.V. Prasad;1,6;63
1897;2416;1897;Thomas Bruch;1,6;73
1898;2630;1898;Toto Wolff;1,6;52
1899;1642;1899;Xie Juhua and family;1,6;73
1900;2299;1900;Richard Hayne;1,6;76
1901;1876;1901;Laurie Tisch;1,6;73
1902;1877;1901;Steven Tisch;1,6;75
1903;1976;1903;Karl-Johan Persson;1,6;48
1904;1915;1904;Zadik Bino and family;1,6;80
1905;1925;1905;Bharat Desai;1,6;71
1906;1955;1906;Li Jiaquan;1,6;60
1907;1833;1907;Sue Gross;1,6;74
1908;1843;1908;Kim Jae-young;1,6;50
1909;1830;1909;Gao Yi and family;1,6;55
1910;1986;1910;Ron Sim;1,6;65
1911;2007;1911;Wang Junmin;1,6;55
1912;2289;1912;David Feffer;1,6;67
1913;1871;1913;Yuri Shefler;1,6;56
1914;1908;1914;Nerio Alessandri;1,6;62
1915;2134;1915;Soegiarto Adikoesoemo;1,6;85
1916;1930;1916;Philippe Ginestet and family;1,5;70
1917;1922;1917;Sandor Csanyi;1,5;70
1918;2487;1918;Suman Munjal;1,5;71
1919;1984;1919;Amnon Shashua;1,5;63
1920;3190;1920;Alfred West Jr;1,5;81
1921;1428;1921;Xu Yingzhuo;1,5;56
1922;1892;1922;Wu Yulan;1,5;54
1923;3217;1923;Zhou Yahui;1,5;47
1924;2486;1924;Renu Munjal;1,5;68
1925;2205;1925;George Marcus;1,5;82
1926;1981;1926;Christopher Rokos;1,5;53
1927;1967;1927;Robert Mouawad;1,5;79
1928;2296;1928;Saroj Rani Gupta;1,5;73
1929;2005;1929;Kenny Troutt;1,5;76
1930;1679;1930;Joe Lau;1,5;34
1931;1714;1930;Nikil Viswanathan;1,5;36
1932;2027;1932;Amit Burman;1,5;54
1933;2207;1933;Carsten Maschmeyer;1,5;64
1934;2151;1934;Richard Chang;1,5;77
1935;2495;1935;Rao Wei and family;1,5;59
1936;1938;1936;Niranjan Hiranandani;1,5;73
1937;1909;1937;Alexandra Andresen;1,5;27
1938;1910;1937;Katharina Andresen;1,5;28
1939;3198;1939;Ryan Graves;1,5;40
1940;1831;1940;Giammaria Giuliani;1,5;46
1941;1924;1941;Federico De Nora;1,5;55
1942;1918;1942;Ahmet Calik;1,5;66
1943;1941;1943;Peter Jackson;1,5;62
1944;3191;1944;Jia Tianjiang and family;1,5;61
1945;1942;1945;Stephen Jarislowsky;1,5;98
1946;1366;1946;Christoph Zeller;1,5;66
1947;3260;1947;Hisako Yamamoto;1,5;
1948;2041;1948;Torstein Hagen;1,5;81
1949;2805;1949;Lai Jianping;1,5;
1950;2456;1950;Huang Shan;1,5;53
1951;2441;1951;Robert Fisher;1,5;70
1952;1917;1952;Saket Burman;1,5;46
1953;1947;1953;Sidney Kimmel;1,5;96
1954;1782;1954;Ruan Shuilong and family;1,5;88
1955;3200;1955;Jet Jie Li;1,5;49
1956;2104;1956;Nobutoshi Shimamura;1,5;97
1957;1927;1957;Egon Durban;1,5;50
1958;1932;1957;Esther Grether;1,5;88
1959;1965;1957;Greg Mondre;1,5;49
1960;2016;1957;Justin Yuan;1,5;
1961;1935;1957;Kenneth Hao;1,5;55
1962;1977;1957;Mike Repole;1,5;56
1963;1998;1957;Tang Rui;1,5;48
1964;2012;1957;Xu Zhenhua;1,5;
1965;1410;1965;Alice Schwartz;1,5;97
1966;2558;1966;Kochouseph Chittilappilly;1,5;73
1967;1651;1967;Masaaki Arai;1,5;58
1968;1869;1968;Sathien Sathientham;1,5;69
1969;2242;1969;John Van Lieshout;1,5;78
1970;1929;1970;Alan Gerry;1,5;95
1971;2223;1971;Igor Rotenberg;1,5;50
1972;2497;1972;Matthew Roszak;1,5;51
1973;1913;1973;Barbara Benetton;1,5;54
1974;2026;1974;Vladimir Bogdanov;1,5;72
1975;1809;1975;Louis Bacon;1,5;67
1976;1854;1976;Li Weiwei;1,5;47
1977;2540;1977;Manohar Lal Agarwal;1,5;69
1978;3202;1978;Zhang Liguo;1,5;60
1979;1293;1979;Pan Laican;1,5;
1980;2146;1980;Shyam Bhartia;1,5;71
1981;3079;1981;Catherine Phillips;1,5;
1982;3080;1981;John Phillips;1,5;73
1983;2145;1983;Hari Bhartia;1,5;67
1984;3061;1984;Andrew Karam;1,5;42
1985;2437;1985;Daniel Feffer;1,5;64
1986;2029;1986;Steve Case;1,5;65
1987;1512;1987;Yu Qibing and family;1,5;58
1988;1948;1988;Jim Koch;1,5;74
1989;1945;1989;Ke Xiping and family;1,5;63
1990;1912;1990;Mori Arkin;1,5;71
1991;2106;1991;Charlotte Soderstrom;1,5;47
1992;2091;1991;Tom Persson;1,5;39
1993;1979;1993;Kishin RK;1,5;40
1994;1949;1993;Raj Kumar;1,5;69
1995;2379;1995;Thomas von Koch;1,5;57
1996;2003;1996;Carmen Thyssen;1,5;80
1997;1968;1997;Jerry Moyes and family;1,5;80
1998;2000;1998;Jeff Tangney;1,5;51
1999;1573;1999;Zhou Jian;1,5;47
2000;2442;2000;Bernd Freier;1,5;67
2001;1937;2001;He Zhenggang;1,5;69
2002;2046;2002;Daniel Hirschfeld;1,5;82
2003;1763;2003;Lei Jufang;1,5;71
2004;2266;2004;Danna Azrieli;1,5;56
2005;2267;2004;Naomi Azrieli;1,5;58
2006;2268;2004;Sharon Azrieli;1,5;63
2007;1894;2007;Xiang Guangming and family;1,5;60
2008;2025;2008;John Bloor;1,5;80
2009;1378;2009;Dong Wei;1,5;53
2010;1761;2010;Lau Cho Kun;1,5;88
2011;1707;2011;Sze Man Bok;1,5;74
2012;2438;2012;Ruben Feffer;1,5;
2013;2347;2013;Jimmy Rane;1,5;77
2014;3195;2014;Shay Banon;1,5;46
2015;1964;2015;Romano Minozzi;1,5;88
2016;1895;2016;Xue Xiangdong and family;1,5;65
2017;3049;2017;Andy Fang;1,5;31
2018;2807;2018;Xu Chuanhua and family;1,5;89
2019;1280;2019;Doris Fisher;1,5;92
2020;1994;2020;Su Suyu and family;1,5;75
2021;1974;2021;Nelson Peltz;1,5;81
2022;2435;2022;Henry Engelhardt;1,5;66
2023;2176;2023;Mitchell Jacobson;1,5;72
2024;2161;2024;Annalisa Doris;1,5;53
2025;2162;2025;Massimo Doris;1,4;56
2026;3261;2026;Jorge Feffer and family;1,4;59
2027;2923;2027;Gu Wei;1,4;59
2028;1362;2028;Wang Zhenhua;1,4;62
2029;3210;2029;Hua Xuande and family;1,4;80
2030;1784;2030;Ivan Savvidis and family;1,4;64
2031;2020;2031;Antti Aarnio-Wihuri;1,4;84
2032;2081;2032;Miao Yongjun;1,4;56
2033;1911;2033;Patricia Angelini Rossi;1,4;69
2034;3196;2034;Shao Genhuo;1,4;58
2035;2063;2035;Lee Ho-jin;1,4;61
2036;2074;2036;Brandt Louie;1,4;80
2037;1380;2037;Fu Guangming and family;1,4;70
2038;2120;2038;Swift Xie;1,4;44
2039;3206;2039;Michael Rees;1,4;48
2040;1504;2040;Wang Linpeng;1,4;55
2041;2927;2041;Jin Lei;1,4;58
2042;2056;2042;Kwee Liong Keng;1,4;78
2043;2057;2042;Kwee Liong Phing;1,4;66
2044;2058;2042;Kwee Liong Seen;1,4;71
2045;2059;2042;Kwee Liong Tek;1,4;77
2046;1901;2046;Zeng Kaitian;1,4;49
2047;1798;2047;Yang Xuegang;1,4;59
2048;1758;2048;Christopher Kwok;1,4;37
2049;2066;2049;Bernard Lewis and family;1,4;98
2050;1722;2050;Yoshiaki Yoshida;1,4;83
2051;1856;2051;Vincent Lo;1,4;75
2052;1759;2052;Edward Kwok;1,4;42
2053;2189;2053;Eduard Kucera;1,4;71
2054;2069;2054;Jenny Linden Urnes;1,4;52
2055;3223;2055;Li Qiong;1,4;46
2056;2567;2056;William Fisher;1,4;66
2057;1886;2057;Dan Wilks;1,4;67
2058;2432;2058;Carmen Daurella Aguilera;1,4;
2059;1866;2059;Francisco Jose Riberas Mera;1,4;59
2060;2292;2060;Gary Friedman;1,4;66
2061;1801;2061;Zhang Xiaojuan;1,4;54
2062;1882;2062;Chris Wallin;1,4;71
2063;2543;2063;Anna Maria Braun;1,4;45
2064;2544;2063;Johanna Braun;1,4;44
2065;2545;2063;Karl Friedrich Braun;1,4;41
2066;2211;2066;Randal Nardone;1,4;68
2067;1467;2067;Andrei Krivenko;1,4;48
2068;2090;2068;David Paul;1,4;57
2069;2198;2069;Liu Gexin and family;1,4;72
2070;1966;2070;Mario Moretti Polegato and family;1,4;71
2071;2023;2071;Binny Bansal;1,4;41
2072;2083;2072;Marius Nacht;1,4;58
2073;2507;2073;Sehat Sutardja;1,4;62
2074;2144;2074;Othman Benjelloun and family;1,4;91
2075;2370;2075;Tony Tan Caktiong;1,4;71
2076;3215;2076;Cristina Junqueira;1,4;41
2077;2098;2077;Subhash Runwal;1,4;80
2078;1771;2078;Yusaku Maezawa;1,4;48
2079;3197;2079;Shalom Meckenzie;1,4;47
2080;1732;2080;Chen Kaichen;1,4;
2081;2837;2081;Chen Huwen;1,4;53
2082;2037;2082;Ali Ghodsi;1,4;45
2083;2042;2082;Ayman Hariri;1,4;45
2084;3031;2084;Stanley Tang;1,4;31
2085;2073;2085;Anatoly Lomakin;1,4;71
2086;1544;2086;Aloke Lohia;1,4;65
2087;1705;2087;Suh Kyung-bae;1,4;61
2088;3233;2088;Femi Otedola;1,4;61
2089;2097;2089;Boris Rotenberg;1,4;67
2090;2610;2090;Real Plourde;1,4;
2091;2101;2091;Martin Selig;1,4;87
2092;1681;2092;Luo Yangyong and family;1,4;48
2093;2010;2093;Gordon Wu;1,4;88
2094;3228;2094;Nie Tengyun and family;1,4;48
2095;1496;2095;Timothy Springer;1,4;76
2096;2035;2096;J. Christopher Flowers;1,4;66
2097;1852;2097;Li Sze Lim;1,4;66
2098;2099;2098;Igor Rybakov;1,4;51
2099;2053;2098;Sergei Kolesnikov;1,4;52
2100;1867;2100;Juan Maria Riberas Mera;1,4;55
2101;2363;2101;Mike Speiser;1,4;53
2102;2050;2102;Ke Zunhong and family;1,4;69
2103;2232;2103;Diana Teh Li Shing;1,4;
2104;2208;2103;Lillian Teh Li Ming;1,4;
2105;2174;2103;Lillyn Teh Li Hua;1,4;
2106;2215;2103;William Teh Lee Pang;1,4;
2107;2385;2107;Cameron Winklevoss;1,4;42
2108;2386;2108;Tyler Winklevoss;1,4;42
2109;1419;2109;Tang Jinkui and family;1,4;68
2110;3052;2110;Mustafa Hamied;1,4;83
2111;2473;2111;Arvind Lal;1,4;74
2112;2850;2112;Li Xuhui;1,4;55
2113;2546;2113;Ludwig Theodor Braun;1,4;34
2114;2465;2114;Fumio Kaneko;1,4;67
2115;2288;2115;Fang Hongbo;1,4;57
2116;2009;2116;Farris Wilks;1,4;72
2117;1513;2117;Yuan Fugen and family;1,4;73
2118;2085;2118;Vadim Novinsky;1,4;60
2119;1593;2119;Dong Fan;1,4;
2120;2972;2120;Premchand Godha;1,4;77
2121;2423;2121;Chang Jing;1,4;41
2122;2096;2122;Rihanna;1,4;36
2123;2172;2123;Heikki Herlin;1,4;37
2124;1540;2124;Li Min;1,4;58
2125;1805;2125;Syed Mokhtar AlBukhary;1,4;72
2126;2356;2126;Antonio Luiz Seabra;1,4;81
2127;2064;2127;Michael Lee-Chin;1,4;73
2128;2105;2128;Jared Smith;1,4;49
2129;1874;2129;Zakhar Smushkin;1,4;62
2130;2262;2130;Jose Maria Aristrain;1,4;61
2131;2093;2131;Qin Long;1,4;58
2132;2095;2132;Mochtar Riady and family;1,4;94
2133;2156;2133;Alberto Cortina;1,4;78
2134;2763;2134;Nan Cunhui;1,4;60
2135;1645;2135;Zhang Hongwei;1,4;69
2136;2384;2136;Drorit Wertheim;1,4;68
2137;1846;2137;Pyotr Kondrashev;1,4;74
2138;1585;2138;Chen Qiongxiang;1,4;
2139;1900;2139;Yu Lili;1,4;56
2140;2373;2140;Lina Tombolato;1,4;76
2141;2381;2141;Wang Shih-Chung;1,4;62
2142;1510;2142;Xu Xudong and family;1,4;54
2143;1785;2143;Keiichi Shibahara;1,4;59
2144;2060;2144;Kwek Leng Keow;1,4;72
2145;2061;2144;Kwek Leng Peck;1,4;68
2146;3204;2146;Ramesh Kunhikannan;1,4;60
2147;2264;2147;Tope Awotona;1,4;42
2148;1787;2148;Sun Huaiqing and family;1,3;54
2149;1839;2149;Hui Lin Chit;1,3;70
2150;2013;2150;Xu Zhihan;1,3;51
2151;2279;2151;Diego Della Valle;1,3;70
2152;1907;2152;Hamdi Akin and family;1,3;69
2153;2341;2153;Jose Isaac Peres and family;1,3;83
2154;1719;2154;Wu Yingming;1,3;57
2155;2481;2155;Jeffrey Lorberbaum;1,3;69
2156;1847;2156;Eiichi Kuriwada;1,3;77
2157;2250;2157;Wu Xushun and family;1,3;75
2158;2260;2158;Hamad bin Jassim bin Jaber Al Thani;1,3;64
2159;3262;2159;Anil Gupta;1,3;64
2160;2314;2160;Suresh Krishna;1,3;87
2161;2489;2161;Sjamsul Nursalim;1,3;82
2162;1533;2162;Huang Qiaoling;1,3;65
2163;1963;2163;Bruce Mathieson;1,3;80
2164;3201;2164;Cargill MacMillan III;1,3;64
2165;2325;2164;John MacMillan;1,3;74
2166;2326;2164;Martha MacMillan;1,3;72
2167;2327;2164;William MacMillan;1,3;69
2168;1192;2168;Li Guoqiang;1,3;60
2169;1473;2169;Lin Chang Su-O;1,3;83
2170;2306;2170;Shirley Kao;1,3;67
2171;2508;2171;Min-Liang Tan;1,3;46
2172;2141;2172;Kiki Barki;1,3;84
2173;1788;2173;Alain Taravella;1,3;76
2174;2410;2174;Sara Blakely;1,3;53
2175;2175;2175;Gregg Hymowitz;1,3;58
2176;2170;2176;Joel Greenberg;1,3;66
2177;1065;2177;Zhang Wenzhong;1,3;62
2178;3203;2178;Manuel Lao Hernandez and family;1,3;79
2179;2034;2179;John Farber;1,3;98
2180;2838;2180;Chen Huxiong;1,3;53
2181;2758;2181;Che Jianxing;1,3;57
2182;2377;2182;Sandro Veronesi and family;1,3;64
2183;2291;2183;Ben Francis;1,3;31
2184;2192;2184;Lee Hae-jin;1,3;56
2185;1698;2185;Krit Ratanarak;1,3;77
2186;1145;2186;Pan Dong;1,3;59
2187;2968;2187;David Fattal and family;1,3;66
2188;2142;2188;Elena Baturina;1,3;60
2189;2620;2189;Haryanto Tjiptodihardjo;1,3;60
2190;1483;2190;Mu Rongjun;1,3;44
2191;2312;2191;Christine Knauf;1,3;
2192;2313;2191;Karl Knauf;1,3;
2193;2635;2193;Yi Xianzhong and family;1,3;64
2194;2123;2194;Yu Peidi;1,3;64
2195;2210;2195;Jahm Najafi;1,3;60
2196;1635;2196;Mehmet Sinan Tara;1,3;65
2197;2139;2197;Ziv Aviram;1,3;65
2198;2529;2198;Ye Qiongjiu;1,3;69
2199;2188;2199;Michael Krasny;1,3;70
2200;2431;2200;Weili Dai;1,3;62
2201;3212;2201;Tory Burch;1,3;57
2202;2366;2202;Michael Steinhardt;1,3;83
2203;1962;2203;Youssef Mansour;1,3;78
2204;915;2204;Charles Ergen;1,3;70
2205;2169;2205;Simona Giorgetta;1,3;46
2206;2717;2206;Huang Chulong;1,3;65
2207;2343;2207;Mark Pincus;1,3;58
2208;1767;2208;Lin Lairong and family;1,3;55
2209;1492;2209;Richard Saghian;1,3;42
2210;2235;2210;Hal Steinbrenner;1,3;55
2211;2237;2210;Jennifer Steinbrenner Swindal;1,3;64
2212;2236;2210;Jessica Steinbrenner;1,3;59
2213;2140;2213;Sachin Bansal;1,3;42
2214;1024;2214;Ye Xiaoping;1,3;61
2215;2186;2215;Seth Klarman;1,3;66
2216;2342;2216;Markus Persson;1,3;44
2217;2209;2217;Martin Moller Nielsen;1,3;59
2218;1813;2218;Josef Boquoi and family;1,3;90
2219;1752;2219;Keeree Kanjanapas;1,3;73
2220;1440;2220;Cao Ji;1,3;72
2221;2387;2221;Wu Chung-yi;1,3;68
2222;2516;2222;Wan Long;1,3;83
2223;2309;2223;Ke Guihua;1,3;58
2224;3263;2224;Rezwan Razack;1,3;69
2225;3264;2225;Horst Wortmann and family;1,3;82
2226;1256;2226;Qiu Minxiu;1,3;78
2227;2131;2227;Zhou Chengjian;1,3;58
2228;2345;2228;Forrest Preston;1,3;90
2229;2335;2229;Neide Helena de Moraes;1,3;69
2230;2287;2230;Jose Ermirio de Moraes Neto;1,3;71
2231;2286;2230;Jose Roberto Ermirio de Moraes;1,3;66
2232;1790;2232;Kenneth Tuchman;1,3;64
2233;1914;2233;Angela Bennett;1,3;79
2234;3221;2234;Azad Moopen;1,3;70
2235;1359;2235;Georg von Opel;1,3;57
2236;2290;2236;Zsolt Felcsuti;1,3;52
2237;1248;2237;Lu Yiwen;1,3;37
2238;2444;2238;Gan Zhongru;1,3;75
2239;2021;2239;Alberto Alcocer;1,3;81
2240;2368;2240;Eddy Sugianto;1,3;78
2241;2502;2241;Joseph Steinberg;1,3;80
2242;2411;2242;Lloyd Blankfein;1,3;69
2243;2115;2243;Werner O. Weber;1,2;85
2244;2323;2244;Frederic Luddy;1,2;69
2245;2316;2245;Lee Su-jin;1,2;46
2246;3265;2246;Park Soon-jae;1,2;69
2247;2375;2247;Joop van den Ende;1,2;82
2248;3211;2248;Li Fengluan;1,2;62
2249;2157;2249;Eduardo Costantini;1,2;77
2250;2225;2250;Deniz Sahenk;1,2;78
2251;1878;2251;Michael Tojner;1,2;57
2252;2344;2252;Murdaya Poo;1,2;83
2253;2315;2253;Guy Laliberte;1,2;64
2254;2233;2254;Denis Shtengelov;1,2;51
2255;3208;2255;Hartley Rogers;1,2;64
2256;2340;2256;Vitaly Orlov;1,2;59
2257;2261;2257;Joao Alves de Queiroz Filho;1,2;71
2258;2004;2258;Tran Ba Duong and family;1,2;63
2259;2352;2259;Thomas Sandell;1,2;63
2260;1271;2260;Ye Guofu;1,2;46
2261;3266;2261;Shashishekar Pandit;1,2;73
2262;3243;2262;Zhao Hongfei;1,2;49
2263;1760;2263;Lai Jianfa;1,2;
2264;2281;2264;Richard Desmond;1,2;72
2265;2942;2265;Thierry Cruanes;1,2;56
2266;2132;2266;Boris Zingarevich;1,2;64
2267;2160;2267;Aydin Dogan;1,2;87
2268;2372;2268;Sam Tarascio;1,2;79
2269;2956;2269;George Alexander Muthoot;1,2;68
2270;2957;2269;George Jacob Muthoot;1,2;71
2271;2958;2269;George Thomas Muthoot;1,2;73
2272;2959;2269;Sara George Muthoot;1,2;63
2273;2452;2273;He Zuxun;1,2;58
2274;2624;2274;Shigefumi Wada;1,2;71
2275;3226;2275;Girdhari Jaisinghani;1,2;79
2276;3267;2276;Naresh Jain;1,2;89
2277;2248;2277;Myron Wentz;1,2;83
2278;1493;2278;Shi Yifeng;1,2;50
2279;2338;2279;Axel Oberwelland and family;1,2;57
2280;1586;2280;Chen Zhisong;1,2;58
2281;2427;2281;Tony Chen;1,2;74
2282;3213;2282;Gary Tharaldson;1,2;78
2283;2265;2283;Mehmet Aydinlar;1,2;67
2284;2075;2284;Lucia Maggi and family;1,2;91
2285;2975;2285;Peter Kelly;1,2;66
2286;2447;2286;Pavel Golubkov;1,2;47
2287;2414;2287;Oleg Boyko;1,2;59
2288;3225;2288;Bent Jensen;1,2;72
2289;2022;2289;Nigel Austin;1,2;53
2290;2293;2290;Dan Gertler;1,2;50
2291;3268;2291;Wirastuty Fangiono;1,2;51
2292;2364;2292;Marco Squinzi;1,2;52
2293;2365;2292;Veronica Squinzi;1,2;52
2294;3214;2294;Edir Macedo and family;1,2;79
2295;2206;2295;Yves-Loic Martin;1,2;58
2296;2778;2296;Zhang Shilong and family;1,2;58
2297;2116;2297;Anne Werninghaus;1,2;38
2298;2298;2298;Fahed Hariri;1,2;43
2299;2089;2299;Pan Shiyi;1,2;61
2300;2638;2300;Zhang Gongyun;1,2;61
2301;2496;2301;Helena Revoredo;1,2;77
2302;3242;2302;Michelle Zatlyn;1,2;44
2303;3231;2303;Jiang Zhaobai;1,2;60
2304;3115;2304;Ronald Clarke;1,2;68
2305;2062;2305;Raymond Kwok;1,2;70
2306;3205;2306;Takaya Awata;1,2;62
2307;2204;2307;Charlwin Mao;1,2;
2308;2367;2307;Ion Stoica;1,2;59
2309;2295;2307;Lawrence Golub;1,2;64
2310;2398;2307;Matei Zaharia;1,2;38
2311;2217;2307;Qu Miranda;1,2;39
2312;2084;2312;Tadako Nakatani;1,2;
2313;2510;2313;Tang Aoqi and family;1,2;78
2314;2369;2314;Luc Tack;1,2;62
2315;1376;2315;Chen Xueli;1,2;72
2316;2622;2316;Kenzo Tsujimoto;1,2;83
2317;1542;2317;Liang Zhaoxian;1,2;59
2318;2503;2318;Zachary Stern;1,2;42
2319;2257;2319;Kostyantin Zhevago;1,2;50
2320;2334;2320;Ulrich Mommert and family;1,2;83
2321;2562;2321;Benoit Dageville;1,2;57
2322;2514;2322;Arkady Volozh;1,2;60
2323;2284;2323;Mathias Doepfner;1,2;61
2324;2585;2324;Ashok Kajaria;1,2;76
2325;2383;2325;J. Wayne Weaver;1,2;88
2326;2278;2326;Darwin Deason;1,2;83
2327;2107;2327;Anand Surana;1,2;52
2328;2108;2327;Dilip Surana;1,2;58
2329;2783;2329;Candido Pinheiro Koren de Lima;1,2;77
2330;2203;2330;Yasseen Mansour;1,2;62
2331;3219;2331;Magic Johnson;1,2;64
2332;2126;2332;Zhang Keqiang;1,2;63
2333;3209;2333;Christoffel Wiese;1,2;82
2334;3247;2334;Arthur Xiaobo Hong;1,2;52
2335;2458;2335;Hiroshi Ishibashi;1,2;77
2336;2593;2336;Koo Bon-neung;1,2;74
2337;3118;2337;Larry Fink;1,2;71
2338;3269;2338;Zhou Liangzhang and family;1,2;61
2339;1047;2339;Li Xiaohua and family;1,2;62
2340;3238;2340;Taavet Hinrikus;1,2;41
2341;2280;2341;Ashwin Desai;1,2;72
2342;2451;2342;Polys Haji-Ioannou;1,2;64
2343;2270;2343;Thomas Bailey;1,2;87
2344;2277;2344;Chung Yong-jin;1,2;55
2345;2528;2345;Yao Hsiao Tung;1,2;84
2346;3086;2346;Analjit Singh;1,2;70
2347;2891;2347;Zhang Yubai;1,2;59
2348;1804;2348;Noubar Afeyan;1,2;61
2349;2434;2349;Shlomo Eliahu;1,2;88
2350;2598;2350;Li Wanqiang;1,2;46
2351;2421;2351;Giuliana Caprotti;1,2;83
2352;2422;2351;Marina Caprotti;1,2;46
2353;2566;2353;Benedicte Find;1,2;69
2354;3218;2354;Raamdeo Agrawal;1,2;67
2355;2305;2355;Mohammed Ibrahim;1,2;77
2356;2165;2356;Keiko Erikawa;1,2;75
2357;1855;2357;Liang Qin and family;1,2;52
2358;3222;2358;Wang Xiaokun;1,2;41
2359;2043;2359;Alfredo Harp Helu and family;1,2;79
2360;2512;2360;Tsao Ter-fung;1,2;77
2361;3270;2361;Lucio Co;1,2;69
2362;1404;2362;Qi Xiangdong;1,2;53
2363;2166;2363;Yoichi Erikawa;1,2;73
2364;3075;2364;Bob Muglia;1,1;64
2365;3224;2365;Taylor Swift;1,1;34
2366;2376;2366;Ruben Vardanyan and family;1,1;55
2367;2576;2367;Hong Feng;1,1;47
2368;1458;2368;Jane Goldman;1,1;68
2369;2240;2369;Clemens Toennies;1,1;67
2370;2241;2369;Robert Toennies;1,1;45
2371;2490;2371;Adrian Paval;1,1;55
2372;2532;2372;Yu Faxiang;1,1;52
2373;2440;2373;Paul Fireman;1,1;80
2374;2443;2374;Donald Friese;1,1;83
2375;2033;2375;Chris Ellison;1,1;66
2376;2471;2376;Andrei Kosogov;1,1;62
2377;2127;2377;Zhang Xin;1,1;58
2378;3227;2378;Chung Mong-joon;1,1;72
2379;2030;2379;Chen Wenyuan and family;1,1;56
2380;2111;2380;Wang Jilei;1,1;59
2381;1880;2381;Tseng Sing-ai;1,1;
2382;2597;2382;Michiel Le Roux;1,1;74
2383;2388;2383;Eugene Wu;1,1;78
2384;3271;2384;Gabriel Escarrer and family;1,1;88
2385;2348;2385;Andrei Rappoport;1,1;60
2386;1959;2386;Liu Xiucai and family;1,1;66
2387;2477;2387;Norma Lerner;1,1;87
2388;2418;2388;Pradip Burman;1,1;81
2389;2311;2389;Alexander Klyachin;1,1;56
2390;3048;2390;Richard Fairbank;1,1;73
2391;1961;2391;Lu Zongjun;1,1;60
2392;2138;2392;Roman Avdeev;1,1;56
2393;2226;2393;Nobutada Saji;1,1;78
2394;2378;2394;Thongma Vijitpongpun;1,1;66
2395;2476;2395;Nancy Lerner;1,1;63
2396;2504;2396;Manny Stul;1,1;74
2397;2608;2397;Stanley Motta;1,1;78
2398;2919;2397;Sergio Fogel;1,1;60
2399;2234;2399;Song Fei;1,1;57
2400;2589;2400;Muhammed Aziz Khan;1,1;69
2401;2478;2401;Randolph Lerner;1,1;62
2402;2185;2402;Joe Kiani;1,1;59
2403;2911;2403;Yang Tingdong;1,1;63
2404;2877;2404;Dulce Pugliese de Godoy Bueno;1,1;76
2405;2519;2405;Allan Wong;1,1;73
2406;2199;2406;Itamar Locks and family;1,1;69
2407;2202;2407;Blairo Maggi;1,1;67
2408;2492;2408;Kevin Plank;1,1;51
2409;2470;2409;Koo Bon-sik;1,1;65
2410;2902;2410;Ren Jinsheng and family;1,1;61
2411;2255;2411;Peng Zhao;1,1;53
2412;2412;2412;Henadiy Boholyubov;1,1;62
2413;2986;2413;Wang Jianyi;1,1;61
2414;2525;2413;Xiu Laigui;1,1;69
2415;2475;2415;Lee Joong-keun;1,1;83
2416;2626;2416;Wang Jianfeng and family;1,1;
2417;3229;2417;Pedro Grendene Bartelle;1,1;74
2418;2353;2418;Francesco Saputo;1,1;
2419;3232;2419;James Truchard;1,1;80
2420;2462;2420;Jonas Kamprad;1,1;57
2421;2463;2420;Mathias Kamprad;1,1;54
2422;2563;2422;Mark Dixon;1,1;64
2423;2448;2423;Cristina Green;1,1;
2424;2449;2423;Philip Green;1,1;
2425;2051;2425;Kim Taek-jin;1,1;56
2426;2446;2426;David Golub;1,1;61
2427;2501;2426;Michael Spencer;1,1;68
2428;2914;2428;Andres Bzurovski Bay;1,1;46
2429;1474;2429;Liu Chengyu and family;1,1;61
2430;3235;2430;Benny Suherman;1,1;76
2431;2038;2431;Lance Gokongwei;1,1;56
2432;2611;2432;Vera Rechulski Santo Domingo;1,1;75
2433;3230;2433;Kenneth Lo;1,1;85
2434;2559;2434;John Christodoulou;1,1;58
2435;2070;2435;Liu Fangyi;1,1;
2436;2031;2436;Chua Thian Poh;1,1;75
2437;2413;2437;Stephane Bonvin;1,1;57
2438;3241;2438;Jeff Sprecher;1,1;69
2439;2596;2439;Lev Kvetnoi;1,1;58
2440;2588;2440;Brad Keywell;1,1;54
2441;2606;2441;Andrei Molchanov;1,1;52
2442;2572;2442;Stelios Haji-Ioannou;1,1;57
2443;1522;2443;Cao Jianwei;1,1;45
2444;3272;2444;Shin Chang-jae;1,1;70
2445;2439;2445;Gleb Fetisov;1,1;57
2446;2491;2446;Antonio Percassi;1,1;70
2447;1786;2447;Rajju Shroff;1,1;90
2448;3273;2448;Baiju Bhatt;1,1;39
2449;2092;2449;Qian Jinghong;1,1;51
2450;2243;2450;Pongsak Viddayakorn;1,1;89
2451;2067;2451;Li Jinyang;1,1;
2452;2214;2452;John Oyler;1,1;55
2453;3073;2453;Lv Yongxiang;1,1;74
2454;2212;2454;Nguyen Dang Quang;1,1;60
2455;3274;2455;Susan Co;1,1;66
2456;1529;2456;Amy Goldman Fowler;1,1;69
2457;3244;2457;Pantas Sutardja;1,1;
2458;2515;2458;Peter-Alexander Wacker;1,1;72
2459;2506;2459;Sun Weijie;1,1;60
2460;3062;2460;Harry Klagsbrun;1,1;69
2461;2599;2461;Liu Baolin;1,1;70
2462;3236;2462;Pradeep Rathod;1,1;59
2463;2464;2463;Peter Kamprad;1,1;59
2464;2616;2464;Petter Stordalen and family;1,1;61
2465;3057;2465;Huang Jiangji;1,1;
2466;3220;2466;Max Levchin;1,1;48
2467;1574;2467;Zhu Yiwen and family;1,1;60
2468;3275;2468;Ma Yunsheng;1,1;61
2469;3240;2469;John Lim;1,1;67
2470;1848;2470;Robert Langer;1,1;75
2471;2520;2471;Tiger Woods;1,1;48
2472;3109;2472;Krishna Kumar Bangur;1,1;63
2473;2173;2473;Hoi Kin Hong;1,1;71
2474;3276;2474;Kalpana Parekh;1,1;71
2475;1862;2475;Stefan Pierer;1,1;67
2476;2396;2476;Vadim Yakunin;1,1;61
2477;3246;2477;Xiang Wenbo;1,1;61
2478;3239;2478;Weijian Shan;1,1;70
2479;3277;2479;Wu Bo;1,1;69
2480;2086;2480;Niti Osathanugrah;1,1;50
2481;2137;2481;Anant Asavabhokhin;1,1;73
2482;1802;2482;Zheng Xiaodong;1,1;59
2483;3278;2483;Zhuang Kuilong and family;1,1;61
2484;2303;2484;Huang Guanlin;1,1;59
2485;1614;2485;Lin Dingqiang and family;1,1;57
2486;2301;2486;Orion Hindawi;1,1;44
2487;2329;2487;Mao Zhongwu;1,1;61
2488;2551;2488;Chang Kuo-Ming;1,1;
2489;1536;2489;Diane Kemper;1,1;78
2490;3279;2490;William Fung;1,1;75
2491;2213;2491;Kazuo Okada;1;81
2492;2582;2492;LeBron James;1;39
2493;2629;2493;Wen Pengcheng and family;1;61
2494;3012;2494;John Krystynak;1;55
2495;2259;2495;Sanjay Agarwal;1;53
2496;2571;2496;Clelia Haji-Ioannou;1;53
2497;2594;2497;Michael Kum;1;79
2498;2522;2498;Wu Kaiting;1;54
2499;1960;2499;Lu Zhongfang;1;81
2500;3280;2500;M.P. Ramachandran;1;77
2501;3281;2501;Fung Victor;1;78
2502;2196;2502;Li Yongqing;1;59
2503;2167;2503;Philip Fayer;1;46
2504;3282;2504;Tang Xiuguo;1;60
2505;2591;2505;Ihor Kolomoyskyy;1;61
2506;2579;2506;Danilo Iervolino;1;45
2507;2399;2507;Zan Shengda;1;60
2508;1996;2508;Tan Lili;1;
2509;1757;2509;Mustafa Kucuk;1;60
2510;2419;2510;Cai Hongbin;1;
2511;2409;2511;Abigail Bennett;1;43
2512;3065;2512;Robert Knauf;1;
2513;3064;2513;Martin Knauf;1;
2514;2445;2514;Rahul Gautam;1;71
2515;3059;2515;Subba Rao Jasti;1;97
2516;3234;2516;Lalit Khaitan;1;80
2517;2395;2517;Xu Yuejuan;1;62
2518;2550;2518;Edouard Carmignac;1;76
2519;2615;2519;Scott Smith;1;74
2520;3002;2520;Luigi Cremonini and family;1;84
2521;2256;2521;Zhao Tongtong;1;57
2522;2417;2522;Marina Budiman;1;62
2523;2124;2523;Yuan Liping;1;53
2524;2936;2524;Xu Wanmao;1;79
2525;3283;2525;Robert Kierlin;1;
2526;2583;2526;Johan Johannson;1;57
2527;3284;2527;Chang Pyung-soon;1;73
2528;3237;2528;Takanori Nakamura;1;51
2529;2361;2529;Edwin Soeryadjaya;1;74
2530;2349;2530;Hugo Ribeiro and family;1;
2531;2614;2531;Neerja Sethi;1;69
2532;2472;2532;Yogesh Kothari;1;75
2533;2590;2533;Kim Jung-woong;1;49
2534;2609;2534;Tyler Perry;1;54
2535;3285;2535;Bruce Nordstrom;1;90
2536;2077;2536;Mao Lixiang and family;1;83
2537;2547;2537;Ana Maria Brescia Cafferata;1;99
2538;1209;2537;Michael S. Smith;1;68
2539;2584;2537;Morris Kahn;1;94
2540;2595;2537;Richard Kurtz;1;83
2541;2864;2541;Bang Jun-hyuk;1;55
2542;2852;2542;Kanye West;0,4;46
2543;3251;2543;Elizabeth Holmes;0;40
2544;2699;2543;Gary Wang;0;30
2545;426;2543;Rene Benko;0;46
2546;2654;2543;Sam Bankman-Fried;0;31