Business,2021_total,2022_total,2023_total
"Real estate",792.00,666.20,637.40
Diversified,390.50,380.10,395.10
Pharmaceuticals,371.40,312.20,275.90
Investments,343.00,379.30,363.80
"Hedge funds",246.20,284.90,286.25
Amazon,230.00,214.60,138.40
Retail,223.80,212.20,209.60
Walmart,223.00,240.90,223.70
Google,216.40,260.90,189.00
Software,203.20,200.60,175.60
E-commerce,199.40,93.80,105.20
Microsoft,197.70,232.40,196.40
Banking,195.00,196.30,201.40
Mining,163.40,184.20,174.10
Steel,151.10,119.70,138.60
Tesla,151.00,219.00,180.00
LVMH,150.00,158.00,211.00
Facebook,143.60,101.60,94.60
Telecom,136.90,159.60,162.90
Oil,135.20,110.90,148.10
Media,127.30,124.40,122.50
"Private equity",127.00,149.40,164.60
Chemicals,125.90,143.40,154.80
Candy,105.90,105.60,125.30
"Berkshire Hathaway",100.30,123.40,110.80
"medical devices",98.90,89.90,85.80
Casinos,98.50,73.10,84.45
"Online games",96.10,73.80,66.70
"Fashion retail",94.40,71.60,72.70
Oracle,93.00,106.00,107.00
"Koch Industries",92.80,120.00,118.00
Manufacturing,92.70,97.80,89.00
"Internet media",90.80,51.30,46.30
Beverages,88.80,94.10,98.90
"Consumer goods",86.10,75.90,74.50
Batteries,85.70,129.10,102.60
Zara,84.30,65.40,84.20
Supermarkets,83.40,81.10,58.00
Shipping,82.10,141.40,186.40
Finance,77.90,84.00,91.10
Construction,77.40,71.50,52.90
"Luxury goods",76.90,74.90,85.30
Education,75.20,18.00,18.80
LOreal,73.60,74.80,80.50
Electronics,72.30,61.90,54.70
"Auto parts",69.40,62.60,66.90
Chanel,69.00,62.40,63.20
Hospitals,67.90,62.40,51.00
"Bloomberg LP",66.60,90.70,104.30
Internet,66.30,37.50,33.50
Hotels,65.40,69.50,70.80
Biotech,64.30,63.00,58.00
Beer,61.30,54.20,57.30
Food,59.60,31.20,31.10
Automobiles,58.60,70.30,63.80
Metals,57.60,32.10,46.30
Semiconductors,56.90,71.00,62.00
Infrastructure,53.60,94.10,62.40
"Package delivery",51.90,35.40,31.70
"Quicken Loans",51.90,22.00,18.00
Packaging,50.70,48.90,34.50
Restaurants,50.60,14.70,18.20
"Soy sauce",50.10,37.40,28.60
Nike,49.90,47.30,45.10
BMW,49.30,45.00,52.00
Paint,47.80,40.50,41.40
"Oil and gas",46.60,62.50,67.30
"Estee Lauder",46.40,42.20,38.40
"software services",45.50,56.50,49.40
"Dell Technologies",45.10,55.10,50.10
"Venture capital",44.10,54.00,43.00
Petrochemicals,43.50,54.40,39.30
"Home appliances",42.10,29.70,24.60
Cheese,41.20,48.30,45.40
Vaccines,41.00,44.20,36.10
Smartphones,40.40,22.00,17.00
"Medical equipment",40.10,33.70,31.20
"Discount brokerage",39.20,35.90,37.80
"Business software",38.80,35.60,31.00
Agribusiness,38.60,40.35,34.30
Airbnb,38.50,30.80,24.90
Cement,38.40,39.70,42.70
Fintech,37.60,67.20,27.80
Nutella,37.30,38.20,40.90
Cryptocurrency,37.30,129.50,20.80
Insurance,36.50,39.20,40.50
Pipelines,36.50,40.20,41.90
Fidelity,36.00,26.30,26.90
"Pig breeding",35.70,27.00,21.20
TikTok,35.60,52.30,47.00
Music,35.20,37.60,36.00
Lego,34.80,32.80,26.80
EBay,33.20,19.50,15.80
"Money management",32.40,36.10,33.70
"Financial services",32.20,31.70,27.80
HandM,31.50,24.50,22.70
Energy,30.70,35.50,44.50
Cargill,30.70,42.90,33.40
Sensors,28.20,25.50,21.00
Furniture,27.60,23.30,22.00
Drugstores,27.50,25.10,23.30
"Sports apparel",27.10,19.70,22.80
E-cigarettes,27.10,7.60,4.40
"Electronics components",27.00,25.10,19.20
"Red Bull",26.90,27.40,34.70
"Palm oil",26.80,26.10,28.90
Textiles,26.80,25.50,21.40
Aluminum,26.50,27.30,23.60
"Construction equipment",26.30,17.70,17.50
Gas,26.10,14.00,21.60
"Food delivery",26.10,NULL,9.40
Eyeglasses,25.80,27.30,24.50
Fertilizers,24.90,15.90,34.90
Alcohol,24.80,21.90,25.40
Commodities,24.80,27.20,24.40
"Smartphone screens",24.50,11.40,8.20
Cosmetics,23.60,17.70,18.20
Newspapers,23.50,20.80,17.10
"Electric vehicles",23.30,11.80,6.60
"used cars",23.30,11.80,3.00
Shoes,23.20,32.60,27.70
"Cable television",23.10,21.70,22.50
Snapchat,23.00,12.40,5.20
Fertilizer,20.70,22.40,27.00
Apple,20.30,18.40,13.80
"Online retail",20.30,21.20,18.80
"Building materials",20.00,17.80,13.90
"Video streaming app",19.70,3.40,2.50
Gaming,19.50,8.40,8.70
Conglomerate,19.30,12.20,10.90
Aldi,18.80,18.70,16.50
"Internet search",18.70,8.90,9.80
Logistics,18.70,17.00,17.90
Gold,18.60,4.40,11.80
"Video games",18.50,19.40,16.90
"Steel  telecom",18.40,11.50,14.40
Agriculture,18.40,20.70,24.40
"Wireless networking",18.30,14.60,15.50
"Computer hardware",18.20,11.20,13.40
"Video streaming",17.80,4.30,2.80
"Messaging app",17.20,15.10,11.50
"Security software",17.00,16.70,10.40
Fasteners,16.80,19.00,29.70
Heineken,16.70,15.20,14.70
Chick-fil-A,16.60,13.80,19.80
"Solar wafers and modules",16.30,18.30,13.10
Samsung,15.90,23.00,18.70
Coal,15.50,25.30,55.70
Movies,15.40,17.60,16.90
Apparel,15.10,17.90,17.60
Coffee,15.10,15.80,19.00
Twitter,15.10,8.10,6.40
"Power strips",15.00,11.60,12.40
"Zoom Video Communications",14.90,5.20,3.40
"Video surveillance",14.40,13.20,11.00
"Online gambling",14.40,13.00,15.10
Engineering,14.40,15.00,17.20
"Cleaning products",14.30,13.20,19.20
"Electrical equipment",14.30,14.90,13.80
"Home improvement stores",14.20,16.60,17.40
Liquor,14.10,17.20,15.70
Technology,14.10,7.50,6.80
Flavorings,13.80,11.20,11.70
"Energy drinks",13.70,12.00,13.70
Machinery,13.70,16.00,12.30
"Home Depot",13.40,15.80,15.50
"Medical technology",13.40,11.50,10.00
"Hydraulic machinery",13.10,8.60,9.00
Ecommerce,13.00,2.10,8.80
Publishing,12.70,14.50,14.50
Tires,12.70,11.30,13.40
WhatsApp,12.50,12.60,16.10
Airline,12.40,11.70,10.60
"Mortgage lender",12.30,4.90,5.40
Elevators,12.20,8.60,8.70
"Diamond jewelry",12.10,13.20,11.80
Intel,12.10,9.50,6.80
Glass,12.10,13.40,9.10
Trading,12.00,12.00,42.00
"Infant formula",12.00,4.80,3.50
"lithium battery",11.40,13.90,10.80
"IT provider",11.40,19.30,19.90
"Car dealerships",11.30,13.30,13.40
Two-wheelers,11.30,12.80,4.30
"Carnival Cruises",11.10,11.90,9.70
Sports,11.00,14.30,25.70
Gambling,11.00,9.00,9.50
"Food distribution",11.00,14.20,14.00
"Campbell Soup",10.90,10.80,11.90
"Furniture retailing",10.90,7.70,4.00
"retail and gas stations",10.80,9.70,NULL
Spotify,10.60,5.30,5.20
"Online media",10.50,11.10,10.20
Motors,10.50,7.00,5.10
"Cloud computing",10.50,12.50,8.90
"Financial information",10.40,9.90,7.80
Toys,10.40,6.50,2.70
Gap,9.90,7.40,6.80
Snacks,9.80,7.70,10.30
Hyundai,9.80,7.20,6.70
"plumbing fixtures",9.80,8.80,NULL
Vacuums,9.70,9.20,9.30
"Mining  metals",9.70,3.60,7.30
Paper,9.70,7.00,6.00
Fashion,9.60,6.80,9.70
"Satellite TV",9.60,8.70,3.20
"Consumer products",9.60,7.50,5.70
"Natural gas",9.30,10.40,9.80
"Payments software",9.30,14.60,9.70
"Online services",9.30,9.10,5.00
Spirits,9.30,7.90,10.50
"Natural gas distribution",9.20,4.30,7.50
"Dallas Cowboys",8.90,10.60,13.30
"Health care",8.80,9.00,8.30
Cybersecurity,8.80,12.30,9.60
Advertising,8.70,5.40,3.70
"Meat processing",8.70,7.60,5.70
"Metals and mining",8.60,4.70,7.90
Aviation,8.60,8.60,6.90
"Auto dealerships",8.60,9.10,6.60
"Pulp and paper",8.60,4.50,6.40
"Frozen foods",8.50,8.20,9.80
Dairy,8.40,8.40,6.30
Uber,8.40,5.60,6.80
"Information technology",8.40,4.60,4.30
"Bakery chain",8.30,6.60,5.10
"retail chain",8.20,1.40,NULL
"Mobile payments",8.10,3.30,1.60
"Building supplies",8.00,10.70,13.70
"Personal care goods",7.90,6.40,7.20
Heating,7.90,9.70,9.00
Drones,7.90,7.90,7.40
Biopharmaceuticals,7.90,8.30,8.30
Appliances,7.90,6.30,6.10
"Oil  banking",7.80,6.00,6.40
"Shopping centers",7.70,8.70,10.00
"Electronic components",7.70,7.70,5.40
"Home furnishings",7.50,6.10,5.10
Homebuilding,7.40,15.80,15.00
"Star Wars",7.40,6.10,5.00
U-Haul,7.40,8.80,9.10
"rubber gloves",7.40,3.60,NULL
retailer,7.40,NULL,NULL
"Kitchen appliances",7.30,8.30,8.30
Stationery,7.30,5.40,5.00
"Tech investments",7.20,7.30,6.80
Telecommunication,7.20,8.40,7.90
Adhesives,7.20,9.10,8.30
Footwear,7.10,7.40,4.90
Roku,7.10,2.40,1.60
Tequila,7.00,6.90,7.70
"New Balance",6.90,5.40,4.90
"Beef processing",6.90,10.90,7.70
"New England Patriots",6.90,8.30,10.60
"Poultry genetics",6.80,5.60,5.30
Retailing,6.80,10.50,9.70
Coca-Cola,6.80,5.70,6.40
"wind turbines",6.80,5.80,NULL
Ports,6.70,8.40,8.80
Semiconductor,6.70,11.60,5.70
"Smartphone components",6.60,3.80,3.60
"Petro Fibre",6.60,4.80,3.70
"Photovoltaic equipment",6.50,10.50,7.60
"Auto loans",6.50,8.40,8.30
Copper,6.40,4.00,3.00
"Fast food",6.40,6.40,7.70
Wine,6.30,6.60,6.00
"Art collection",6.30,6.30,6.60
"Metalworking tools",6.20,6.20,6.30
"Acoustic components",6.20,6.90,4.50
"Steel pipes",6.20,1.90,5.60
"Mutual funds",6.20,7.80,6.30
"Imaging systems",6.10,4.40,3.70
"Home-cleaning robots",6.10,7.10,4.40
"Healthcare software",6.00,7.00,7.10
"Temp agency",6.00,5.70,6.20
"Email marketing",6.00,10.00,8.00
"Marvel comics",6.00,5.10,4.00
Optometry,6.00,4.70,3.90
Tobacco,6.00,6.10,5.90
"Solar panel components",5.90,12.10,6.70
Investing,5.90,7.10,6.10
"Online entertainment",5.90,NULL,1.00
Pharmacies,5.80,4.50,6.50
Yahoo,5.80,6.30,5.60
"Construction materials",5.80,4.10,3.80
Airport,5.80,6.40,8.60
Hermes,5.70,6.60,9.80
"Sporting goods",5.70,3.80,5.00
FedEx,5.70,4.70,4.60
"Soft drinks",5.60,5.20,8.60
"Self storage",5.60,8.50,7.10
"Mapping software",5.60,6.40,7.00
"Biomedical products",5.60,5.90,6.40
"Aircraft leasing",5.60,5.40,5.10
"Laboratory services",5.60,5.80,4.30
Utilities,5.60,4.00,3.00
"Record label",5.50,5.70,5.70
"Dolby Laboratories",5.50,4.60,4.90
"Dental materials",5.50,2.30,2.30
Defense,5.40,6.00,7.30
Jewelry,5.40,9.10,9.00
Entertainment,5.40,5.10,5.40
"Convinience stores",5.30,6.30,7.60
"Computer services",5.30,5.30,4.40
"Investment banking",5.30,4.50,6.00
"Gambling software",5.20,5.60,5.60
"Pest control",5.20,5.30,5.30
"Investment research",5.20,5.70,4.40
"Coffee makers",5.20,4.40,3.90
"Paper and related products",5.20,3.70,2.50
Lithium,5.10,7.10,4.40
Netflix,5.10,3.70,3.10
"TV shows",5.10,3.90,3.70
Refinery,5.10,5.00,5.40
Motorcycles,5.00,4.30,6.70
" Berkshire Hathaway",5.00,NULL,NULL
"Gas stations",4.90,6.10,18.20
Staffing,4.90,5.90,6.40
Lululemon,4.90,5.30,5.00
"Mobile phone retailer",4.90,3.20,3.80
Starbucks,4.90,4.00,3.70
"Sports teams",4.90,6.80,7.80
"Touch screens",4.90,3.10,2.00
Healthcare,4.80,7.70,20.00
Virgin,4.80,4.70,3.40
"Sensor technology",4.80,3.30,2.80
"Pet food",4.80,4.50,4.40
"Hardware stores",4.70,5.50,9.20
"Best Buy",4.70,4.30,3.70
"Electric scooters",4.70,1.70,4.60
"Asset management",4.70,4.30,4.80
"Houston Rockets",4.60,5.60,8.10
Vodka,4.60,4.50,4.60
"Chicken processing",4.60,3.80,2.30
paints,4.60,NULL,NULL
"Navigation equipment",4.50,4.60,4.20
"Household chemicals",4.50,5.40,4.90
"Hygiene products",4.50,3.70,3.40
Valves,4.40,3.20,4.00
"Fish farming",4.40,4.50,2.70
Groupon,4.30,4.10,4.20
"Renewable energy",4.30,4.00,3.40
Art,4.30,4.10,4.80
"Internet service provider",4.30,3.30,2.10
"Dental implants",4.20,5.60,5.00
"Payroll services",4.20,5.40,4.90
"Surveillance equipment",4.20,3.40,3.30
"Mobile phones",4.20,4.10,2.90
Lighting,4.20,2.60,1.20
"food delivery service",4.20,1.30,NULL
Cannabis,4.20,NULL,NULL
"Sporting goods retail",4.10,6.00,8.30
"Toyota dealerships",4.10,4.30,5.50
"Franklin Templeton",4.10,4.30,4.20
Videogames,4.10,3.90,3.90
"Hearing aids",4.10,9.30,8.40
"Tobacco distribution",4.00,2.60,4.10
"Machine tools",4.00,3.60,3.00
"food delivery app",4.00,2.30,NULL
"Solar panels",3.90,11.30,10.80
Trucking,3.90,4.70,4.30
"Generic drugs",3.90,4.20,4.90
Agrochemicals,3.90,4.20,4.40
"Financial technology",3.90,3.10,1.70
"Social media",3.90,1.40,1.50
"Printed circuit boards",3.90,3.90,2.20
Carpet,3.80,3.30,10.00
"Solar panel materials",3.80,3.90,3.00
Prosthetics,3.80,2.60,2.60
"Hand tools",3.80,2.30,2.40
"Plastic products",3.80,5.40,3.90
"Little Caesars Pizza",3.70,4.40,4.30
"TD Ameritrade",3.70,4.50,3.40
"Electronic trading",3.70,4.20,3.20
"Pipe Manufacturing",3.70,3.90,5.40
"Leveraged buyouts",3.70,2.60,1.80
"Plush toys",3.60,4.30,5.20
"In-N-Out Burger",3.60,4.20,4.20
"Health IT",3.60,3.50,3.90
Forestry,3.60,3.20,3.40
LG,3.60,2.80,2.90
Transportation,3.60,6.30,4.20
IKEA,3.60,3.30,3.30
Zillow,3.60,NULL,NULL
"coal mining",3.60,NULL,NULL
"San Francisco 49ers",3.50,4.00,5.10
"Book distribution",3.50,4.20,3.80
Brakes,3.50,3.60,2.60
"Search engine",3.50,NULL,1.10
"Grocery delivery service",3.50,3.50,1.00
"motorcycle loans",3.50,2.50,NULL
"mobile games",3.50,3.60,NULL
"New Orleans Saints",3.40,3.80,4.70
Billboards,3.40,3.60,4.10
"Winter jackets",3.40,3.00,3.50
Scaffolding,3.40,3.40,3.30
"Movie making",3.40,3.50,3.30
Nutrition,3.40,2.90,3.10
"Formula One",3.40,3.00,2.90
"Communication equipment",3.40,3.60,3.10
"Online apparel retail",3.40,NULL,1.20
Tourism,3.40,1.20,1.10
Polyester,3.40,1.30,1.00
"home building",3.40,2.30,NULL
"Ticketing service",3.30,3.10,3.20
"Convenience stores",3.30,3.60,4.90
"Chewing gum",3.30,3.50,2.90
"Oil refinery",3.30,3.30,3.70
"Storage facilities",3.30,2.20,1.90
EasyJet,3.30,1.10,3.10
"Payment software",3.20,9.50,5.50
Timberland,3.20,3.40,5.50
"Fashion investments",3.20,3.00,3.60
"Healthcare services",3.20,2.90,2.70
"TV broadcasting",3.20,4.10,2.00
sauce,3.20,NULL,NULL
"Hair dryers",3.10,3.10,4.70
"medical labs",3.10,NULL,NULL
LCD,3.10,NULL,NULL
Biochemicals,3.00,5.30,4.40
"Indianapolis Colts",3.00,3.50,3.90
"TV network",3.00,3.10,2.90
"Measuring instruments",3.00,2.20,2.30
TV,3.00,1.90,1.60
"Philadelphia Eagles",3.00,3.50,4.40
"employment agency",3.00,3.10,NULL
"health insurance",3.00,1.10,NULL
"Construction  pipes",2.90,1.70,3.50
"Nutritional supplements",2.90,3.00,2.70
Printing,2.90,2.50,2.70
Poultry,2.90,1.90,2.20
"Payroll processing",2.90,2.50,2.20
"Metals  banking",2.90,1.90,2.10
"Amusement parks",2.90,1.90,2.00
"Venture capital investing",2.90,1.70,1.70
Pinterest,2.90,1.30,1.10
Netscape,2.80,3.20,2.90
"Damaged cars",2.80,3.00,3.50
Shipbuilding,2.80,2.30,1.70
"Call centers",2.80,4.00,3.00
Hardware,2.80,1.90,1.60
"Automotive technology",2.80,3.00,2.80
"Furniture retail",2.80,2.10,1.20
"game software",2.80,2.60,NULL
Laser,2.80,NULL,NULL
"Department stores",2.70,4.80,3.20
"Hair products",2.70,2.80,2.90
Travel,2.70,2.80,2.60
"Columbia Sportswear",2.70,2.30,2.30
Sunglasses,2.70,2.80,2.20
"Power equipment",2.70,3.60,2.00
"Contact Lens",2.70,1.80,1.50
"Oilfield equipment",2.70,2.90,1.10
"Washington Commanders",2.60,4.00,4.90
"Finance and investments",2.60,2.80,3.30
"Copy machines",2.60,2.10,2.70
"Payroll software",2.60,2.80,2.60
"IT consulting",2.60,1.50,2.50
Cruises,2.60,3.00,2.80
"Solar energy",2.60,2.90,1.10
metallurgy,2.60,NULL,NULL
"Food services",2.50,6.50,8.20
"3D printing",2.50,2.40,2.70
"Auto repair",2.50,2.40,2.50
SAP,2.50,2.30,2.20
"Education technology",2.50,3.60,2.10
"Edible oil",2.50,2.30,2.10
"orange juice",2.50,1.90,NULL
"Solar equipment",2.40,8.70,6.30
"Sports retailing",2.40,4.50,4.80
"Transport  engineering",2.40,NULL,3.20
"Hair care products",2.40,3.00,3.00
"Automotive brakes",2.40,2.10,2.90
Magazines,2.40,2.70,2.60
Aerospace,2.40,5.10,4.90
"Steel production",2.40,2.30,2.50
"Food processing",2.40,3.00,4.70
"medical testing",2.40,1.10,NULL
"health information",2.40,NULL,NULL
"payments processing",2.40,NULL,NULL
milk,2.40,NULL,NULL
"Poultry processing",2.30,3.20,3.80
Investment,2.30,3.20,3.20
"Drug distribution",2.30,2.50,2.80
"Plastic pipes",2.30,2.60,2.50
"Payment processing",2.30,1.60,2.10
"Online gaming",2.30,1.80,3.40
"Express delivery",2.30,1.50,1.70
Flipkart,2.30,2.60,2.70
"Paper manufacturing",2.30,1.50,1.20
"live streaming service",2.30,1.60,NULL
"Train cars",2.20,4.20,4.10
"Web hosting",2.20,3.40,3.40
"Sensor systems",2.20,3.40,4.60
"Precision machinery",2.20,1.70,2.30
"Consumer electronics",2.20,1.50,1.50
"Optical components",2.20,1.40,1.50
"Solar systems",2.20,NULL,1.10
"precious metals",2.20,1.40,1.90
"social network",2.20,1.20,NULL
"household appliances",2.20,NULL,NULL
"cloud technology",2.20,NULL,NULL
"mobile apps",2.20,NULL,NULL
"internet service",2.20,NULL,NULL
Cars,2.10,2.90,3.20
"Stock brokerage",2.10,3.50,3.10
"Scientific equipment",2.10,2.30,2.70
Dole,2.10,2.30,2.30
"Getty Oil",2.10,2.10,2.10
"Snack bars",2.10,2.20,2.10
"Metal processing",2.10,1.90,2.10
Security,2.10,2.20,2.00
"Retail stores",2.10,1.60,1.50
"Software firm",2.10,1.10,1.30
"health IT ",2.10,NULL,NULL
Titanium,2.00,1.50,4.40
"Live entertainment",2.00,2.30,2.90
Slim-Fast,2.00,2.00,2.50
"Clinical trials",2.00,2.10,2.10
"Greek yogurt",2.00,2.40,2.10
LinkedIn,2.00,2.10,1.90
"Home sales",2.00,2.10,1.80
"TV programs",2.00,1.80,1.80
FIAT,2.00,2.10,1.70
"Waffle House",2.00,2.00,1.70
"Real estate development",2.00,1.90,1.70
"Clinical diagnostics",2.00,1.30,1.40
Flooring,2.00,1.40,1.10
"Under Armour",2.00,1.50,1.10
"stock trading app",2.00,NULL,NULL
"Medical packaging",1.90,3.80,5.50
"Solar inverters",1.90,5.10,4.30
Tractors,1.90,2.50,2.50
"Herbal products",1.90,2.50,2.40
"Online dating",1.90,2.00,2.00
Motorhomes,1.90,1.90,1.70
Comcast,1.90,1.60,1.70
"Real estate services",1.90,1.70,1.70
Coking,1.90,1.80,1.70
DirecTV,1.90,1.80,1.60
Petroleum,1.90,2.00,1.50
Instagram,1.90,1.50,1.50
Feed,1.90,1.60,1.50
"Office real estate",1.90,1.40,1.00
"Oil trading",1.80,1.80,4.00
"Medical cosmetics",1.80,1.90,2.10
Nascar,1.80,1.80,1.80
"Liquor stores",1.80,NULL,1.50
Brewery,1.80,1.60,1.50
"Beauty products",1.80,1.90,1.40
"Data analytics",1.80,5.00,3.80
"IT products",1.80,2.80,NULL
Patagonia,1.80,1.20,NULL
"telecom services",1.80,1.20,NULL
Ceramic,1.80,NULL,NULL
Cobalt,1.70,2.80,2.50
Sears,1.70,1.80,1.90
Salsa,1.70,1.80,1.80
"Medical patents",1.70,1.80,1.80
"Sandwich chain",1.70,1.70,1.70
"Non-ferrous metals",1.70,1.70,1.60
Materials,1.70,2.10,1.60
"Testing equipment",1.70,1.40,1.40
"Messaging software",1.70,1.40,1.30
"Online payments",1.70,1.80,1.30
"Computer games",1.70,1.50,1.20
"Wire and cables",1.70,1.70,1.10
"LED lighting",1.70,1.10,1.00
"sports betting",1.70,NULL,NULL
"Subway Sandwichs",1.70,NULL,NULL
"game shops",1.70,NULL,NULL
"Valve manufacturing",1.60,1.60,2.40
"Pearlescent pigments",1.60,2.20,2.30
"Charlotte Hornets",1.60,1.70,2.00
Jewellery,1.60,1.80,1.90
"Energy services",1.60,3.30,2.70
Transport,1.60,1.70,1.60
Sugar,1.60,2.30,1.50
"Powdered metal",1.60,1.40,1.40
"Cooking appliances",1.60,1.50,1.40
"Minerals processing",1.60,2.10,1.30
"Health products",1.60,1.50,1.30
"electric equipment",1.60,1.30,NULL
"packaged food",1.60,NULL,NULL
confectionery,1.60,NULL,NULL
"Accounting services",1.50,2.20,2.10
"Dental products",1.50,1.30,2.00
"Solar energy equipment",1.50,2.20,2.00
"Medical products",1.50,1.70,1.70
"Wedding dresses",1.50,1.70,1.70
"Electric power",1.50,1.50,1.60
"Pharmaceutical services",1.50,1.30,1.60
"Waste disposal",1.50,2.10,1.60
AOL,1.50,1.50,1.40
"Medical diagnostics",1.50,3.10,2.50
"Security services",1.50,1.20,1.10
"Health clinics",1.50,1.10,1.00
"electric components",1.50,1.70,NULL
"vaccine and shoes",1.50,1.20,NULL
plastics,1.50,NULL,NULL
"Computer networking",1.40,2.10,2.30
"Dicks Sporting Goods",1.40,1.70,2.10
"Semiconductor devices",1.40,2.40,1.60
"Fine jewelry",1.40,1.50,1.50
"Seed production",1.40,1.60,1.30
"Urban Outfitters",1.40,1.20,1.20
"Stock photos",1.40,1.50,1.20
"Stock exchange",1.40,1.10,1.10
"Industrial lasers",1.40,1.60,1.00
Bio-Pharma,1.40,NULL,1.00
"Grocery stores",1.40,1.40,1.00
diagnostics,1.40,2.30,NULL
"Rocket Internet",1.40,NULL,NULL
"home appliance",1.40,NULL,NULL
"Levi's jeans",1.40,NULL,NULL
Silicon,1.30,3.00,2.00
"Gym equipment",1.30,1.40,1.50
"Fashion retailer",1.30,1.30,1.40
Property,1.30,1.30,1.20
"Poultry breeding",1.30,1.20,1.10
"Tyre manufacturing machinery",1.30,NULL,1.00
IT,1.30,2.40,NULL
"educational services",1.30,NULL,NULL
,1.30,NULL,NULL
"parcel lockers",1.30,NULL,NULL
"air cooler",1.30,NULL,NULL
fishing,1.30,NULL,NULL
"home & office products",1.30,NULL,NULL
"cobalt mining",1.30,NULL,NULL
"dating app",1.30,NULL,NULL
"IT Service",1.30,NULL,NULL
"Daqo Group",1.30,NULL,NULL
"transportation equipment",1.30,NULL,NULL
"Price comparison website",1.20,1.40,1.90
"Golden State Warriors",1.20,1.50,1.80
"Energy drink",1.20,1.00,1.70
"Fiber optic cables",1.20,1.30,1.40
"Cirque du Soleil",1.20,1.20,1.20
"Air compressors",1.20,1.10,1.10
"mobile gaming",1.20,1.90,NULL
"paper and pulp",1.20,1.20,NULL
"payments technology",1.20,1.00,NULL
"food products",1.20,NULL,NULL
"used car sales",1.20,NULL,NULL
"Chow Tai Fook",1.20,NULL,NULL
"ride-hailing service",1.20,NULL,NULL
"online car sales",1.20,NULL,NULL
"down jackets",1.20,NULL,NULL
"telecom equipment",1.20,NULL,NULL
navigation,1.20,NULL,NULL
"Liquefied natural gas",1.10,1.10,2.60
Solar,1.10,NULL,1.50
"Industrial machinery",1.10,1.10,1.40
"Industrial equipment",1.10,1.30,2.60
"Finance services",1.10,1.20,1.30
Reebok,1.10,1.10,1.10
Mattresses,1.10,1.80,1.10
"Electrical appliances",1.10,NULL,1.00
"real estate developer",1.10,1.70,NULL
"magnetic switches",1.10,1.10,NULL
"Nordstrom department stores",1.10,NULL,NULL
Nordstorm,1.10,NULL,NULL
guns,1.10,NULL,NULL
genetics,1.10,NULL,NULL
"infant formula,",1.10,NULL,NULL
"canned food",1.10,NULL,NULL
"Factory automation equipment,",1.10,NULL,NULL
"investor relations consulting",1.10,NULL,NULL
"consumer technology",1.10,NULL,NULL
"wastewater treatment",1.10,NULL,NULL
appearl,1.10,NULL,NULL
"Toll roads",1.00,1.20,1.50
Shapewear,1.00,1.80,1.20
Fisheries,1.00,NULL,1.20
Tiles,1.00,NULL,1.00
"defense contractor",1.00,1.20,1.30
"packaged meats",1.00,1.10,NULL
"high speed trading",1.00,1.00,NULL
"flavors and fragrances",1.00,1.00,NULL
kombucha,1.00,NULL,NULL
"wind power",1.00,NULL,NULL
bakeries,1.00,NULL,NULL
"teeth aligners",1.00,NULL,NULL
"artificial turf",1.00,NULL,NULL
"optical devices",1.00,NULL,NULL
Citigroup,1.00,NULL,NULL
Fiberglass,1.00,NULL,NULL
"gold mining",1.00,NULL,NULL
"Warehouse automation",NULL,NULL,9.60
"Real estate management",NULL,NULL,5.20
Subway,NULL,NULL,4.00
"Packaging materials",NULL,NULL,7.60
"Electric bikes",NULL,1.60,3.60
"Microchip testing",NULL,3.20,3.50
Eyeglases,NULL,NULL,3.50
Skincare,NULL,NULL,3.50
"Johnson and Johnson",NULL,NULL,3.40
"Quartz products",NULL,1.60,3.30
"Digital advertising",NULL,3.40,3.10
"Readymade garments",NULL,2.50,3.10
"Technology services",NULL,NULL,2.70
"Construction Vehicles",NULL,NULL,5.20
WeWork,NULL,1.40,2.20
"Animal health",NULL,4.00,4.20
Space,NULL,NULL,2.10
"Power supply equipment",NULL,1.10,2.10
"Fast fashion",NULL,1.30,2.10
"Low-cost airlines",NULL,2.40,2.00
"Defense Contracting",NULL,NULL,2.00
"Data centers",NULL,4.90,3.10
"Las Vegas Raiders",NULL,NULL,1.90
Photovoltaics,NULL,1.40,1.90
Blockchain,NULL,4.80,3.60
"Industrial explosives",NULL,1.30,3.00
"Dairy ",NULL,1.60,1.80
"Tennessee Titans",NULL,NULL,1.70
"Real estate finance",NULL,2.00,1.70
"Iron ore mining",NULL,2.20,1.70
"Virtual reality",NULL,NULL,1.70
Homebuilder,NULL,1.60,1.70
Bars,NULL,1.40,1.70
"Executive search",NULL,1.30,1.60
"Fitness equipment",NULL,1.60,1.60
"Gambling products",NULL,2.80,3.10
Electrodes,NULL,2.60,1.50
Phamaceuticals,NULL,1.30,1.50
"Stainless steel products",NULL,1.10,1.50
"Sports drink",NULL,1.50,1.50
"Healthcare IT",NULL,2.40,1.50
Nickel,NULL,NULL,1.40
"Power tools",NULL,NULL,1.30
"Cell phone distribution",NULL,NULL,1.30
Payments,NULL,1.20,1.30
Genentech,NULL,1.40,1.30
"Online recruitment",NULL,1.30,1.30
"Semiconductor materials",NULL,1.30,1.30
"Specialty chemicals",NULL,2.60,2.30
Sneakers,NULL,1.40,1.20
"Fitness clothing",NULL,NULL,1.20
"Steel tubes",NULL,NULL,1.20
"Food and beverage retailing",NULL,1.20,1.20
Hospitality,NULL,NULL,1.20
"Medical services",NULL,1.30,1.20
"Data management",NULL,1.10,1.20
Lumber,NULL,NULL,1.20
"Car rentals",NULL,2.60,2.40
"Pneumatic equipments",NULL,NULL,1.20
"Sports shoes",NULL,NULL,1.10
Spanx,NULL,1.10,1.10
"E-commerce software",NULL,2.00,1.10
Building,NULL,NULL,1.10
"Pachinko machines",NULL,NULL,2.10
"Waste management",NULL,NULL,1.10
"Sports data",NULL,1.20,1.10
"Internet and software",NULL,1.10,1.10
Golf,NULL,NULL,1.10
Vitamins,NULL,NULL,1.10
"Cables and wires",NULL,1.50,2.10
"Online universities",NULL,NULL,1.00
Basketball,NULL,NULL,1.00
Power,NULL,NULL,1.00
"Hydraulic pumps",NULL,NULL,1.00
"Hot sauce",NULL,NULL,1.00
"online marketplace",NULL,4.40,NULL
edtech,NULL,1.30,NULL
drugs,NULL,1.30,NULL
"lighting installations",NULL,1.30,NULL
foods,NULL,1.20,NULL
"food manufacturing",NULL,1.20,NULL
microbiology,NULL,1.20,NULL
cashmere,NULL,1.10,NULL
"graphite electrodes",NULL,1.00,NULL
cameras,NULL,1.00,NULL
"pharma retailing",NULL,1.00,NULL
garments,NULL,1.00,NULL
"manda brokerage",NULL,NULL,NULL
"rolling papers",NULL,NULL,NULL
broadcasting,NULL,NULL,NULL
"tea drinks",NULL,NULL,NULL
"electric systems",NULL,NULL,NULL
Cinemas,NULL,NULL,NULL
"payments  banking",NULL,NULL,NULL
"financial information service",NULL,NULL,NULL
"blood testing",NULL,NULL,NULL
"Auto components",NULL,NULL,NULL
Sourcing,NULL,NULL,NULL
"Financial software",NULL,NULL,NULL
"Raising Cane's",NULL,NULL,NULL
Shein,NULL,NULL,NULL
"Drug delivery devices",NULL,NULL,NULL
firearms,NULL,NULL,NULL
"supply chain services",NULL,NULL,NULL
"Arca Continental",NULL,NULL,NULL
"Manchester United",NULL,NULL,NULL
"Air conditioning parts",NULL,NULL,NULL
"Kansas City Chiefs",NULL,NULL,NULL
baseball,NULL,NULL,NULL
"Tableau software",NULL,NULL,NULL
"Palo Alto software",NULL,NULL,NULL
Robots,NULL,NULL,NULL
"home appliance stores",NULL,NULL,NULL
Seaport,NULL,NULL,NULL
Loews,NULL,NULL,NULL
Peugeot,NULL,NULL,NULL
"Electrical components",NULL,NULL,NULL
"indian snacks",NULL,NULL,NULL
"Military drones",NULL,NULL,NULL
"Enterprise software+K3471",NULL,NULL,NULL
"Rewards firm",NULL,NULL,NULL
"Law and Order TV",NULL,NULL,NULL
AI,NULL,NULL,NULL
GoPro,NULL,NULL,NULL
"Yindu Kitchen Equipment",NULL,NULL,NULL
"electronic vehicals",NULL,NULL,NULL
"payment service",NULL,NULL,NULL
"power generation",NULL,NULL,NULL
pasta,NULL,NULL,NULL
AMD,NULL,NULL,NULL
Nvidia,NULL,NULL,NULL
Lenovo,NULL,NULL,NULL
Qualcomm,NULL,NULL,NULL
Comedy,NULL,NULL,NULL
"Jersey Mike's Subs",NULL,NULL,NULL
Fragrances,NULL,NULL,NULL
"Gold and Jewelry",NULL,NULL,NULL
"printed circuit board",NULL,NULL,NULL
