City,2024_01_total,2024_02_total,2024_03_total,2024_04_total,2024_05_total,2024_06_total,2024_07_total,2024_08_total
,1800.10,1890.00,1926.40,2093.80,2125.00,2129.60,2152.60,2153.50
"New York City",614.60,635.20,644.50,645.20,648.50,657.40,677.30,696.80
Paris,393.10,413.00,410.30,398.20,395.50,373.40,356.90,369.10
Moscow,368.10,380.50,380.40,399.30,399.40,399.50,398.60,409.80
"Palo Alto",356.10,359.80,368.30,358.70,383.50,409.10,390.40,399.50
Austin,304.60,319.30,319.10,326.40,344.30,360.70,372.20,381.70
Mumbai,298.50,304.40,308.00,319.90,319.80,342.90,345.40,346.90
London,288.10,284.00,292.70,296.40,298.40,294.40,292.00,297.50
"Hong Kong",270.10,281.20,278.50,285.50,292.20,277.60,276.50,282.80
Seattle,239.70,244.50,243.50,237.20,238.50,257.10,250.80,241.60
Beijing,168.90,184.90,182.70,190.30,186.30,175.80,176.90,176.70
"Mexico City",165.90,165.60,174.40,171.50,170.50,155.80,153.60,147.40
Shenzhen,160.70,167.60,162.50,173.80,176.70,182.00,176.30,184.20
"San Francisco",153.70,160.50,170.30,160.60,160.90,162.90,160.40,152.70
Lanai,143.70,139.90,155.20,142.80,146.20,173.00,172.60,174.70
Bentonville,139.20,152.90,155.80,154.20,166.30,170.00,174.20,190.20
"Los Altos",135.70,130.80,140.00,148.20,154.70,161.90,153.90,150.60
Medina,131.30,135.40,138.70,134.00,136.80,141.20,138.30,144.60
Omaha,131.10,137.10,141.00,133.40,139.40,130.80,140.70,152.30
Hangzhou,123.50,131.90,128.00,137.70,129.70,119.30,107.70,105.90
"Hunts Point",122.50,124.80,126.50,119.10,125.20,132.70,126.00,124.50
Delhi,120.80,126.10,125.40,129.50,128.00,137.70,146.00,146.90
Ahmedabad,115.60,121.60,119.80,120.10,129.90,126.50,134.20,127.50
Tokyo,111.20,115.00,122.30,112.90,118.20,119.60,123.00,137.60
"La Coruna",108.80,111.80,124.00,114.90,117.70,122.30,120.20,132.20
Taipei,106.30,106.50,131.00,133.40,137.40,169.90,168.00,169.30
Singapore,102.70,97.20,100.80,104.20,107.70,107.40,105.40,110.20
"Los Angeles",97.10,98.40,98.40,102.80,103.70,104.00,106.40,109.80
Geneva,93.70,92.90,104.30,106.60,110.10,109.80,108.90,107.80
Shanghai,90.20,101.60,101.40,117.10,116.80,109.90,104.00,107.00
Dallas,89.40,90.10,86.80,91.90,86.70,87.00,88.20,89.60
Jakarta,88.20,92.80,89.50,122.80,121.00,125.30,123.20,142.90
Toronto,87.50,89.60,93.10,96.70,103.90,102.60,101.80,105.80
"Fort Worth",86.70,92.50,94.70,93.90,99.90,101.60,106.10,114.50
Chicago,84.20,88.20,90.40,98.50,99.40,99.30,101.80,102.10
Stockholm,83.30,85.40,76.80,76.60,80.70,78.90,80.50,83.30
Seoul,80.40,84.10,86.10,79.80,77.80,79.10,81.80,83.80
"Palm Beach",79.70,84.20,89.20,94.80,99.70,97.20,96.10,98.90
Houston,77.10,78.90,81.20,92.30,92.10,91.40,92.00,94.40
Atlanta,77.00,78.30,77.80,74.90,73.30,74.70,75.40,78.80
Jackson,76.50,79.50,80.20,80.50,83.30,83.30,85.10,97.90
Bangkok,69.40,68.10,70.40,69.90,69.40,63.60,67.50,74.70
Atherton,68.90,69.20,74.70,75.10,77.70,79.30,79.80,76.60
Perth,61.60,56.20,56.60,56.70,56.70,54.70,52.50,54.30
"Sao Paulo",61.50,60.10,64.40,65.30,65.80,62.00,61.30,65.40
Sydney,58.90,59.20,58.10,55.50,54.80,57.20,56.20,58.30
Greenwich,54.00,53.00,53.70,50.50,50.70,50.70,50.90,51.00
Kudus,50.70,50.60,50.80,48.10,45.30,47.80,49.60,52.80
"Monte Carlo",48.30,48.10,50.90,52.70,53.00,52.40,53.70,53.20
Milan,47.60,50.20,49.10,51.30,52.20,49.80,49.40,51.30
"Las Vegas",47.40,50.20,42.70,43.00,43.40,43.30,41.60,42.00
"Beverly Hills",46.60,47.00,47.10,47.70,47.40,47.60,48.30,53.30
Neckarsulm,46.10,38.70,37.40,36.30,39.50,34.50,36.50,37.40
Laval,43.30,43.90,42.80,41.30,42.20,39.90,41.50,44.60
Ningbo,42.80,47.50,46.40,50.30,49.90,45.80,43.30,43.60
"Tel Aviv",42.70,43.10,44.60,50.30,51.10,51.60,52.40,53.30
Hamburg,41.80,41.40,34.60,35.10,36.10,34.60,35.00,36.50
Ningde,40.60,45.30,52.00,55.30,53.90,49.10,50.70,51.30
Zurich,40.60,40.10,41.30,40.70,41.60,40.70,40.00,42.50
Hillsboro,40.50,42.40,39.30,38.80,39.70,33.70,34.20,36.80
"Oklahoma City",40.30,38.00,32.20,32.10,32.60,32.80,32.90,22.50
"The Plains",39.80,38.60,38.50,39.20,38.40,37.80,38.70,47.60
Brussels,39.40,39.40,43.20,42.90,43.40,42.90,43.20,44.30
Foshan,38.80,42.00,41.50,42.90,40.00,39.50,39.70,41.40
Manila,38.70,40.20,41.30,40.30,39.10,39.50,41.40,45.20
Santiago,36.30,35.00,37.20,38.50,39.20,37.40,36.80,36.30
Istanbul,36.20,35.70,41.10,46.00,47.40,46.40,46.40,43.60
Pune,35.90,33.40,33.50,34.10,35.20,35.40,38.70,40.40
Franklin,35.40,35.70,38.50,34.90,37.20,37.00,40.60,46.20
Bangalore,34.80,35.00,33.40,36.10,37.80,40.00,41.40,41.90
"Newport Beach",34.30,35.10,35.30,35.00,35.40,37.70,38.10,38.30
Guangzhou,34.20,38.40,39.50,53.20,54.90,51.70,49.20,50.00
Chengdu,33.70,36.70,36.50,35.60,36.10,33.00,32.60,32.40
Schindellegi,33.40,43.10,39.10,40.00,41.20,41.30,42.30,42.20
Woodside,31.40,32.20,33.00,33.20,33.30,34.80,33.20,33.10
Vienna,31.10,32.60,37.10,35.60,36.70,36.40,36.60,35.90
Vancouver,30.90,30.70,28.30,27.60,26.80,26.60,26.10,26.50
"East Setauket",30.70,30.70,31.40,31.40,NULL,NULL,NULL,NULL
Prague,30.20,30.00,30.90,30.70,31.60,31.10,31.20,31.80
Dubai,30.10,30.10,34.50,37.80,38.20,38.50,38.90,39.00
Hisar,29.50,30.40,33.40,36.20,37.90,41.20,40.60,40.40
Melbourne,29.50,28.30,29.00,29.60,30.10,29.60,29.90,32.10
Lagos,29.40,25.00,28.30,26.80,25.90,25.60,24.20,23.50
Haverford,28.90,28.90,27.60,27.60,27.60,27.60,28.50,28.50
Naples,28.60,29.10,30.60,30.10,30.20,29.80,31.10,31.70
Kuenzelsau,28.50,33.60,33.10,34.80,34.20,32.40,35.00,37.30
Milton,28.40,29.50,29.00,28.60,29.30,29.40,31.30,31.30
Madrid,28.30,28.70,29.30,29.40,30.80,30.40,30.80,31.60
Montreal,27.50,28.10,27.20,26.60,27.20,27.10,28.40,27.60
"Rio de Janeiro",27.50,27.90,29.20,28.40,28.20,26.60,26.30,27.40
Billund,27.20,25.20,25.20,25.10,25.20,25.10,25.20,25.90
Almaty,26.20,27.50,28.70,28.60,28.70,29.10,29.30,29.50
Boston,25.80,26.70,29.30,28.70,29.90,29.10,30.20,27.60
Electra,25.30,25.50,26.20,26.10,26.80,26.90,27.00,27.70
"Crans Montana",25.00,27.30,26.90,26.20,26.00,25.30,25.50,26.50
"Frankfurt am Main",24.80,27.40,26.90,27.90,26.70,25.60,25.40,25.60
"St. Louis",24.80,25.00,25.00,25.60,25.60,25.70,25.90,32.30
"Bad Homburg",23.70,26.50,26.10,25.30,24.40,23.40,23.30,23.70
Osaka,22.70,23.00,22.80,22.30,22.20,21.60,21.10,23.60
Afton,22.10,23.10,20.90,20.90,20.90,20.90,20.90,21.90
"Miami Beach",22.10,22.20,22.40,22.40,22.50,22.30,22.60,23.90
Quanzhou,22.10,23.80,25.00,26.10,25.00,23.60,22.80,24.20
Changsha,21.40,25.00,23.50,25.70,25.50,23.50,22.00,20.90
"Kuala Lumpur",21.20,20.40,20.60,20.40,21.90,21.90,22.60,23.80
Reno,20.60,20.50,18.30,17.20,17.00,18.20,17.50,19.20
Tegernsee,19.20,19.40,19.60,19.20,20.60,18.40,19.00,19.20
Phoenix,19.00,19.00,19.40,19.00,19.10,18.80,19.40,20.20
Cary,18.90,19.00,20.80,20.20,20.20,21.40,20.80,20.80
Tulsa,18.90,19.00,19.30,19.30,19.50,19.70,20.40,19.30
Cairo,18.30,18.20,18.40,18.60,18.70,18.40,18.50,19.30
Miami,18.30,19.20,21.30,23.40,24.10,24.20,24.30,22.50
Zug,18.20,18.10,19.40,19.10,19.40,19.00,18.90,19.80
Gstaad,18.00,18.00,20.70,21.80,21.70,21.70,21.70,21.90
Denver,17.90,17.90,19.10,19.20,18.50,18.40,19.60,18.30
Gloucestershire,16.60,17.00,20.70,20.50,21.30,20.90,21.30,22.20
Heidelberg,16.60,18.10,18.40,17.80,17.80,18.60,19.00,19.60
"Grand Rapids",16.20,16.50,16.50,17.50,18.60,18.90,20.40,20.10
Hyderabad,15.90,16.30,16.30,18.60,19.00,19.80,21.10,21.80
"Incline Village",15.70,15.70,14.50,13.20,11.80,12.30,12.50,14.30
Irvine,15.70,16.20,13.60,12.80,13.80,14.70,17.20,16.90
"Bryn Mawr",15.20,15.20,15.20,15.20,15.20,15.20,15.60,15.60
"Saint Petersburg",15.20,16.70,18.80,19.20,19.20,18.50,19.10,19.20
Gothenburg,15.10,15.60,14.90,14.10,14.50,14.70,15.50,17.00
Oslo,15.10,15.10,15.90,15.60,16.30,16.10,15.60,16.40
Munich,15.00,15.40,16.60,19.70,19.70,19.00,20.00,20.50
Monaco,14.80,14.80,17.90,17.80,18.00,17.90,18.00,18.20
"Boca Raton",14.70,14.70,14.70,16.10,16.00,16.10,16.10,17.90
Racine,14.70,14.80,14.80,14.80,14.70,15.00,14.80,15.40
Knoxville,14.30,14.30,13.10,13.10,13.10,13.10,13.10,13.10
Brookline,14.20,14.80,15.00,14.80,14.70,14.80,15.20,15.30
Stoke-on-Trent,14.20,14.70,16.80,15.60,15.70,15.30,15.90,17.20
Melsungen,14.00,14.00,14.00,13.60,14.00,13.60,14.00,14.40
"Cape Town",13.80,14.40,13.90,13.20,14.60,14.40,14.10,14.70
Martigny,13.60,15.50,15.80,14.90,14.60,14.20,13.50,14.80
Philadelphia,13.60,13.30,13.30,13.20,13.20,13.10,13.50,15.30
Yinchuan,13.30,14.60,13.80,13.90,13.80,14.40,12.90,13.50
Amsterdam,13.20,14.10,14.20,13.10,13.40,12.90,13.10,13.30
Chongqing,12.90,14.70,13.20,11.20,10.80,9.60,9.80,8.80
Herzogenaurach,12.70,15.20,13.10,12.00,12.50,11.10,11.50,12.00
Lianyungang,12.60,14.70,16.40,16.60,15.20,13.90,15.30,16.60
Lucerne,12.40,12.30,11.90,11.70,17.60,17.80,18.30,18.20
Springfield,12.40,13.00,13.00,13.00,13.30,13.50,13.50,12.20
"Rolling Hills",12.20,12.50,10.20,9.70,10.80,11.80,14.20,14.10
Johannesburg,12.10,11.90,12.00,12.20,12.40,12.50,12.50,12.50
Changzhou,12.00,13.60,12.50,12.30,13.30,11.90,12.20,11.80
Chennai,11.90,13.70,14.50,14.30,14.40,14.90,15.50,15.40
"Saint John",11.80,11.80,11.90,12.20,5.50,NULL,NULL,NULL
Bielefeld,11.70,6.60,6.60,6.60,6.60,6.60,6.60,6.90
Kolkata,11.40,10.40,10.30,11.70,12.00,13.10,14.70,14.60
"Newport Coast",11.30,11.80,12.00,11.80,12.00,14.10,13.90,14.10
"Bal Harbour",11.10,11.00,11.40,12.30,12.90,13.40,13.50,13.60
"Hobe Sound",11.00,11.00,11.00,11.00,11.00,11.00,11.00,11.00
Lyon,10.90,10.90,11.10,11.00,10.90,10.40,10.80,11.30
Ottawa,10.80,10.30,10.70,10.10,9.20,9.80,9.40,10.50
Magnitogorsk,10.50,10.50,10.60,10.60,10.60,10.60,10.60,11.00
Valencia,10.50,10.60,10.50,10.30,10.80,10.70,11.10,12.00
Bloomington,10.30,10.50,10.60,10.20,10.10,10.20,10.40,10.70
"Delray Beach",10.30,10.30,11.00,10.80,10.70,10.90,10.70,11.60
Helsinki,10.30,10.40,10.80,11.10,11.40,11.20,10.70,11.20
Wenzhou,10.30,13.90,16.30,17.70,17.30,16.50,16.50,16.10
Alexandria,10.00,9.70,9.60,9.80,9.60,9.50,9.70,11.90
Basel,10.00,10.10,10.50,9.80,9.70,9.80,10.30,10.90
"Bloomfield Hills",10.00,9.40,12.30,11.20,12.40,11.90,13.70,14.80
Elizabeth,10.00,9.90,9.80,9.60,9.60,9.60,9.90,10.70
"Wilen bei Wollerau",9.90,9.60,10.30,10.40,10.80,10.70,10.90,11.20
Baoding,9.80,11.30,11.00,12.40,12.30,12.00,11.30,11.30
Haiger,9.80,10.50,10.50,10.40,10.50,10.40,10.50,10.80
Ulm,9.80,12.40,12.90,12.30,12.60,12.40,12.60,12.80
Henderson,9.60,9.90,10.10,10.00,10.90,11.20,11.30,12.70
Treviso,9.60,9.50,10.00,9.60,10.00,9.60,9.70,10.00
Auckland,9.50,10.60,10.50,10.60,10.20,10.00,10.20,10.60
Redlands,9.50,9.60,8.10,7.70,7.70,8.40,8.90,8.90
Wujiang,9.50,10.40,11.10,12.20,11.40,11.10,11.10,11.00
Berlin,9.40,8.70,8.50,8.40,8.50,8.40,8.50,9.70
"Portola Valley",9.20,9.40,9.40,9.40,9.20,9.70,9.50,9.20
Missoula,9.10,9.10,9.00,9.10,9.10,9.10,9.10,9.40
"St. Gallen",9.10,8.90,8.90,8.70,8.70,8.30,8.50,8.60
Suzhou,9.10,11.40,10.90,11.80,10.50,9.70,9.60,9.60
Winnetka,9.10,10.40,10.90,9.90,10.70,11.00,11.80,12.30
Lexington,8.80,8.90,9.20,8.60,1.50,1.40,9.30,10.40
Modena,8.80,9.60,9.90,9.50,9.40,9.40,9.50,11.20
Potomac,8.80,9.00,9.30,9.20,9.30,9.20,9.60,9.50
Kazan,8.60,8.60,9.00,9.00,9.00,9.00,9.00,9.40
Newmarket,8.60,9.10,7.20,7.00,7.20,7.00,7.20,7.40
Surrey,8.60,9.10,7.20,7.00,7.20,7.00,7.20,7.40
Ruschlikon,8.40,7.80,9.30,11.30,11.60,11.10,10.80,10.50
Hanoi,8.20,8.90,8.90,8.30,8.70,8.50,8.50,8.50
Camas,8.10,8.50,8.70,8.50,8.70,11.20,11.20,11.20
"Sands Point",8.10,8.70,8.80,8.30,8.50,8.90,8.90,9.50
"Santa Barbara",8.10,8.30,8.30,8.10,8.30,8.10,8.80,8.60
Verbier,8.10,8.10,9.30,9.30,9.40,9.30,9.30,9.60
Rome,8.00,8.10,8.60,8.40,8.50,8.40,8.50,8.80
Adel,7.90,7.80,9.70,10.80,10.90,11.00,10.20,10.20
Portage,7.90,8.10,8.20,7.80,7.90,7.90,7.70,8.30
"Saddle River",7.90,6.80,8.00,7.50,7.50,7.50,8.40,7.90
Brisbane,7.80,7.70,7.70,9.40,9.60,9.60,9.30,9.80
"Lighthouse Point",7.70,7.70,7.70,7.70,7.70,7.70,7.70,7.70
"Abu Dhabi",7.60,7.60,7.60,7.40,7.90,8.40,8.90,8.70
Shaoxing,7.60,8.50,8.20,8.20,8.30,7.80,7.90,7.80
Bogota,7.50,7.30,7.20,7.40,7.40,6.90,6.90,6.80
Lausanne,7.50,7.60,7.50,7.50,7.80,7.90,8.10,8.90
"Paradise Valley",7.50,6.40,6.40,6.30,6.30,7.10,5.60,7.80
Bruchsal,7.40,7.40,7.30,7.30,7.40,7.30,7.30,7.50
Dublin,7.40,7.70,8.20,8.00,8.00,8.00,8.10,8.20
Malibu,7.40,7.40,7.40,7.40,7.40,7.40,7.40,7.80
Newton,7.40,7.60,7.30,7.00,7.60,7.60,7.70,7.90
Fiesole,7.30,7.40,7.50,7.40,7.80,8.00,8.20,9.00
Millburn,7.30,7.30,7.30,7.30,7.30,7.30,7.30,7.30
Windermere,7.30,7.30,7.30,7.30,7.30,7.30,7.30,7.30
Islamorada,7.20,7.20,7.20,7.20,7.20,7.20,7.20,7.10
Madison,7.20,7.90,7.40,7.10,7.60,7.40,8.30,8.60
Millersville,7.20,7.10,7.20,7.00,7.00,6.90,7.10,7.10
Pleasanton,7.00,6.90,6.90,6.30,5.70,5.80,5.90,6.10
Binzhou,6.90,7.30,9.40,11.00,12.60,11.80,10.10,10.90
"Buenos Aires",6.90,6.40,7.40,7.20,7.80,3.30,3.20,3.10
"Grand Cayman",6.90,6.90,7.00,7.00,7.00,7.00,7.00,6.90
"San Jose",6.90,6.40,6.30,10.50,11.70,12.00,13.10,12.30
Aarhus,6.80,6.80,12.50,12.30,12.50,12.20,12.40,12.70
Kielce,6.80,6.80,6.80,6.80,6.90,6.80,6.90,7.00
Clearwater,6.70,7.20,6.90,6.70,9.50,9.00,10.90,12.80
Feldmeilen,6.70,6.30,6.80,7.00,7.10,7.10,7.20,7.30
Glendora,6.70,6.70,6.70,6.70,6.70,6.70,6.70,6.70
Katonah,6.70,6.70,6.70,6.70,6.70,6.70,6.70,6.70
"New South Wales",6.70,6.10,6.10,5.80,5.90,5.80,6.20,6.00
Tempe,6.70,8.40,9.10,8.80,9.70,11.20,11.50,13.00
Wilson,6.70,6.70,6.80,6.80,6.90,6.80,6.90,6.90
Ankara,6.60,6.60,6.50,6.50,6.30,6.30,6.50,6.40
Bethesda,6.60,6.70,7.00,8.70,8.60,8.50,8.80,8.50
Hefei,6.60,7.20,9.20,9.20,7.70,7.00,1.50,1.30
Jona,6.50,6.80,7.00,6.80,6.90,7.00,7.20,7.50
Erie,6.40,7.40,7.30,7.00,6.70,6.70,8.00,9.30
Honolulu,6.40,6.30,6.50,6.50,6.40,6.30,6.50,6.30
Langfang,6.40,6.90,7.10,6.70,6.70,7.40,7.10,6.60
"Oyster Bay",6.40,6.50,6.20,6.10,6.20,6.10,6.30,6.50
"Port Washington",6.40,6.30,6.30,6.50,6.50,6.60,6.80,6.30
Albany,6.20,6.10,6.20,6.30,6.40,6.40,6.40,6.40
Branford,6.20,6.20,6.10,6.00,6.40,6.70,6.80,7.10
"Laguna Beach",6.20,6.40,6.70,6.50,6.40,6.30,6.40,6.20
"North Palm Beach",6.20,6.20,6.20,6.20,6.20,6.20,6.20,6.80
Ezulwini,6.10,6.10,7.10,6.90,6.70,6.70,7.00,7.30
"New Orleans",6.10,6.10,6.10,6.10,6.10,6.10,6.10,6.10
"Sugar Land",6.10,6.30,6.00,6.10,6.00,6.30,6.70,6.70
Hattiesburg,6.00,6.00,6.00,6.00,6.00,6.00,6.00,6.00
"Indian Creek",6.00,6.60,5.50,7.30,6.90,6.90,7.30,7.40
"Krotoszyn,",6.00,6.00,5.00,5.00,5.10,5.20,4.60,4.30
"New Albany",6.00,6.00,6.00,6.00,6.10,6.00,6.00,7.90
"Steamboat Springs",6.00,6.30,6.50,6.40,7.00,8.30,8.10,8.20
Darien,5.90,5.90,7.20,7.20,7.20,7.20,7.20,7.20
Humlebaek,5.90,6.80,7.00,6.30,6.40,6.40,6.90,7.10
Lille,5.90,6.10,4.90,5.20,5.40,5.40,5.30,6.00
"Oak Brook",5.90,5.80,5.60,5.60,6.00,6.40,6.60,6.60
Binningen,5.80,5.90,6.10,5.60,5.70,5.70,5.60,6.00
Kiev,5.80,5.70,4.30,4.30,4.30,4.30,4.30,4.30
Youngstown,5.80,5.80,5.80,5.80,5.80,5.80,5.80,5.80
Donetsk,5.70,5.70,4.00,4.00,4.00,4.00,4.00,4.00
Windsor,5.70,5.70,5.50,5.50,5.50,5.50,5.50,5.50
Lugano,5.60,2.80,2.60,2.40,2.60,2.60,2.70,2.90
Hsinchu,5.50,6.40,6.80,6.30,7.00,7.90,7.30,7.50
Xi'an,5.50,6.10,5.80,5.50,5.50,4.60,4.70,4.60
Passau,5.40,5.60,5.60,5.60,5.60,5.60,5.60,5.60
Redding,5.40,5.40,5.40,5.40,5.40,5.30,5.50,6.00
Visbek,5.40,5.40,5.70,5.70,5.70,5.70,5.70,5.80
Grijo,5.30,5.70,5.80,6.50,6.40,6.40,6.40,6.50
Beirut,5.20,5.10,5.60,5.60,5.60,5.60,5.60,5.60
Dusseldorf,5.20,3.30,3.30,3.20,3.40,4.50,3.50,4.50
Hertfordshire,5.20,5.20,5.20,5.20,5.50,5.50,5.60,5.60
"Isle of Man",5.20,5.20,5.60,5.60,5.60,5.60,5.60,5.60
Oakville,5.20,5.20,5.40,5.30,5.30,5.10,6.20,6.40
"San Anselmo",5.20,5.50,5.70,5.50,5.30,5.20,5.10,5.10
McLean,5.10,5.20,6.20,6.10,6.00,5.90,6.30,6.20
Fayetteville,5.00,5.00,4.80,4.30,4.30,4.20,4.50,4.50
Zhengzhou,5.00,5.20,3.00,3.00,2.90,2.80,1.70,2.70
Bermuda,4.90,4.80,4.80,4.80,5.10,4.80,4.80,5.00
"Coral Gables",4.90,5.00,5.00,6.50,6.80,7.00,7.30,7.30
Croton-on-Hudson,4.90,5.40,5.40,5.40,5.40,5.40,5.40,5.40
Tbilisi,4.90,4.90,4.90,4.90,4.90,4.90,4.90,4.90
"Virginia Beach",4.90,4.90,4.90,5.00,4.90,5.00,4.90,5.10
Leawood,4.80,5.20,5.40,6.70,7.10,7.00,7.50,7.70
"Pacific Palisades",4.80,4.80,4.80,4.80,4.80,4.80,4.80,4.80
Trondheim,4.80,4.80,4.70,4.40,4.80,4.50,4.50,5.00
Brunswick,4.70,4.70,4.70,4.60,4.70,4.60,4.70,4.80
Indianapolis,4.70,4.80,4.90,4.70,4.80,4.80,4.80,5.00
"San Diego",4.70,4.60,4.80,4.70,4.70,4.80,4.80,8.60
Urumqi,4.70,4.90,4.90,4.80,4.90,4.60,4.50,4.50
Vettre,4.70,4.50,4.60,4.50,4.70,4.60,4.60,4.60
Cleveland,4.60,4.60,4.70,4.70,4.80,4.90,4.90,5.00
"Menlo Park",4.60,4.60,4.90,4.80,4.90,4.90,4.90,5.10
"Rancho Santa Fe",4.60,4.60,4.60,5.00,5.00,5.10,5.30,5.20
Walldorf,4.60,5.00,5.00,4.80,5.00,5.00,5.10,5.20
Wynnewood,4.60,4.60,4.60,4.60,4.60,4.60,4.60,4.60
"Coconut Grove",4.50,4.60,4.90,4.30,4.50,4.40,4.60,5.10
"A Coruña",4.40,4.40,4.40,4.40,4.40,4.40,4.40,4.50
Changshu,4.40,4.70,4.70,5.20,5.20,5.50,4.70,4.60
"East Aurora",4.40,4.50,4.50,4.40,4.30,4.30,4.40,4.60
"East Hampton",4.40,4.10,4.00,3.90,3.90,3.90,4.10,4.00
Edmonton,4.40,4.40,NULL,5.00,4.90,4.90,4.90,5.00
Konstancin,4.40,4.40,4.40,4.30,4.40,4.30,4.40,4.50
Merseyside,4.40,4.60,4.00,4.20,4.40,4.40,4.40,4.90
Nashville,4.40,4.50,4.40,4.80,5.20,5.10,5.10,5.50
Palisades,4.40,4.10,4.00,3.90,3.90,3.90,4.10,4.00
Southampton,4.40,4.10,4.00,3.90,3.90,3.90,4.10,4.00
Xiamen,4.40,5.60,4.50,8.30,7.10,7.00,5.80,6.80
Yekaterinburg,4.40,5.30,7.10,8.00,8.30,8.10,7.70,8.20
Carmel,4.30,4.30,4.40,4.40,4.40,4.40,4.40,4.80
Glencoe,4.30,4.30,3.90,3.90,3.90,3.90,3.90,5.00
Netanya,4.30,4.50,4.50,4.10,4.00,3.90,4.00,4.30
Qingdao,4.30,4.70,4.90,7.20,7.40,7.40,6.60,6.90
Tianjin,4.30,3.50,3.30,3.30,3.20,3.00,3.10,3.10
Wuxi,4.30,4.80,4.90,4.80,4.40,3.00,2.00,1.90
Bozeman,4.20,4.20,4.20,4.60,4.60,4.70,4.90,4.80
Jiaxing,4.20,6.00,7.00,8.10,7.60,6.10,4.70,4.40
Livingston,4.20,4.20,4.20,4.60,4.60,4.70,4.90,4.80
"Short Hills",4.20,4.30,4.30,4.40,4.50,4.50,4.80,4.60
Zermatt,4.20,4.20,5.80,5.50,6.50,6.70,6.70,6.70
"Belle Vernon",4.10,4.10,4.10,4.10,4.10,4.10,4.10,4.10
Kirkkonummi,4.10,4.00,4.00,4.20,4.30,4.20,4.30,4.50
Plantation,4.10,4.50,4.20,4.00,4.10,4.40,4.20,4.00
"Santa Clara",4.10,4.40,4.10,4.00,4.00,3.90,3.90,4.50
"Santa Cruz",4.10,4.30,4.40,4.00,4.50,4.70,4.50,4.30
"Verkhniaya Pyshma",4.10,4.20,4.40,4.40,4.40,4.40,4.40,4.60
"Bingham Farms",4.00,4.00,4.00,4.00,4.60,4.60,4.60,4.60
Burgdorf,4.00,4.50,4.40,4.10,4.60,4.90,4.90,5.30
Birmingham,3.90,4.00,4.10,3.80,3.70,3.70,4.20,6.40
Fushun,3.90,3.90,3.80,3.80,3.80,3.70,3.70,3.80
"Salt Lake City",3.90,3.90,3.90,3.90,4.40,4.40,4.40,4.40
Weiningen,3.90,3.90,3.90,3.80,3.80,3.70,3.80,4.00
Barcelona,3.80,4.00,3.90,4.20,5.40,4.40,4.30,4.90
"Bonita Springs",3.80,3.90,4.10,4.00,4.20,4.20,4.40,4.60
Coatesville,3.80,3.70,3.80,3.90,3.80,3.80,3.90,4.30
"Fort Collins",3.80,3.90,3.90,3.70,3.80,3.80,3.70,4.00
Hokkaido,3.80,4.20,4.40,3.90,3.20,3.10,3.30,4.30
"Marina Del Rey",3.80,3.80,3.80,3.80,3.80,3.80,3.80,4.40
Weifang,3.80,4.10,4.00,3.90,4.10,4.30,4.50,4.60
Bristol,3.70,3.90,4.00,4.00,4.50,4.60,4.60,4.50
"Highland Park",3.70,3.70,3.80,3.60,3.50,3.40,3.50,3.70
Kverva,3.70,4.10,4.10,4.00,3.80,3.40,3.60,3.40
Nantes,3.70,3.90,4.20,4.00,3.90,3.30,3.90,3.80
Shantou,3.70,3.90,3.30,3.30,3.20,3.10,3.10,3.10
Solomeo,3.70,4.40,4.20,3.80,3.70,3.70,3.50,3.60
Venice,3.70,2.60,2.60,3.30,3.30,3.60,3.00,2.30
Xingtai,3.70,4.10,3.80,3.10,3.30,2.50,2.40,2.20
Bergamo,3.60,3.60,4.20,1.50,4.00,3.80,3.90,4.00
Jiangyin,3.60,3.90,4.00,4.00,4.10,4.00,3.20,3.30
Koenigstein,3.60,NULL,NULL,NULL,NULL,NULL,NULL,NULL
"Little Jackson Hole",3.60,3.80,4.00,4.10,4.10,4.10,3.70,3.50
Mainz,3.60,3.60,3.70,3.60,4.00,3.20,3.50,3.50
"Petaling Jaya",3.60,3.60,3.70,4.10,4.30,4.40,4.20,4.20
Saratoga,3.60,3.60,3.80,3.40,3.80,4.30,4.30,4.40
Scottsdale,3.60,3.60,3.60,3.60,3.60,3.60,3.60,3.60
Warsaw,3.60,4.20,4.10,4.90,5.40,5.20,5.40,5.90
Wuhan,3.60,5.30,4.60,4.70,4.50,4.20,4.40,4.20
"Bassano del Grappa",3.50,3.60,3.60,3.70,3.90,3.90,3.80,4.20
Eindhoven,3.50,3.60,3.60,NULL,NULL,NULL,NULL,NULL
Provo,3.50,3.50,3.60,3.60,3.60,3.60,3.60,3.60
"San Antonio",3.50,3.50,3.90,5.00,3.90,3.90,3.90,3.90
Como,3.40,3.80,4.00,3.80,3.70,3.40,3.40,3.50
Esporles,3.40,2.10,2.10,2.00,2.10,2.10,2.00,2.10
Küsnacht,3.40,3.40,3.40,3.30,3.40,3.30,3.40,3.50
Providence,3.40,3.40,3.40,3.40,3.40,3.40,3.40,3.40
Stuttgart,3.40,3.40,4.30,4.20,4.40,4.50,4.80,5.00
Tarrytown,3.40,3.50,3.50,3.20,3.50,3.80,3.90,4.00
Ventura,3.40,3.40,3.40,3.40,3.40,3.40,3.40,3.40
Brusque,3.30,3.30,2.30,2.30,2.20,2.10,2.10,2.10
Fuqing,3.30,3.60,3.50,3.90,3.70,3.80,3.60,3.90
Haridwar,3.30,3.80,3.80,3.70,3.80,3.80,4.00,4.00
"Idaho Falls",3.30,3.30,3.30,3.40,3.30,3.40,3.30,3.40
Liestal,3.30,3.80,4.50,4.20,4.20,4.30,4.20,4.50
"Ponzano Veneto",3.30,3.30,3.30,3.20,3.30,3.20,3.30,3.40
"Sao Jose dos Pinhais",3.30,5.70,5.60,5.50,5.40,5.10,5.00,5.00
Wilen,3.30,3.10,3.10,3.00,3.00,3.10,3.10,3.10
Jacksonville,3.20,3.60,3.90,3.40,2.90,2.80,3.10,3.20
Krasnodar,3.20,3.20,3.30,3.30,3.30,3.30,3.30,3.30
"Little Rock",3.20,3.20,3.20,3.20,3.20,3.20,3.20,3.30
Tampa,3.20,3.30,3.40,3.20,3.30,3.30,3.40,3.50
"The Woodlands",3.20,3.20,3.20,3.20,3.20,3.20,3.20,5.00
Westmount,3.20,3.20,3.10,2.90,2.80,2.80,3.20,3.20
Brownsville,3.10,3.20,3.20,3.00,3.10,3.20,3.00,3.10
Davos,3.10,3.10,4.90,5.30,5.40,5.40,5.70,5.60
Doha,3.10,3.00,3.70,3.70,3.70,3.70,3.60,3.70
Irkutsk,3.10,3.10,3.30,3.60,3.80,3.50,3.40,3.70
"Ormond Beach",3.10,3.30,3.40,3.20,3.50,3.50,3.90,4.00
"Sag Harbor",3.10,3.20,3.20,3.00,3.00,3.00,3.10,3.10
Casablanca,3.00,3.00,3.00,3.00,3.20,3.10,3.20,3.30
Jupiter,3.00,3.00,3.20,3.20,3.20,3.20,3.20,3.20
"Kanton Schwyz",3.00,2.80,3.30,3.40,3.50,3.40,3.30,3.20
Larchmont,3.00,3.00,3.00,3.00,3.00,3.00,3.00,3.00
Mankato,3.00,2.90,2.90,2.90,2.80,2.80,2.90,2.90
Marbella,3.00,3.00,3.00,3.00,3.10,3.00,3.10,3.10
Pittsburgh,3.00,3.00,2.90,3.00,3.00,3.00,3.00,3.00
Scarborough,3.00,3.10,3.20,3.00,3.10,3.10,3.30,3.40
Weston,3.00,3.10,3.20,3.00,3.10,3.10,3.30,3.40
Gurgaon,2.90,2.80,2.90,3.10,3.50,4.50,5.70,6.40
Herzliya,2.90,3.00,3.10,2.90,2.80,2.70,2.80,2.90
Jinjiang,2.90,2.80,2.90,2.90,3.00,2.70,2.90,2.90
Leipzig,2.90,2.70,2.70,2.70,2.70,2.70,2.70,2.80
Longkou,2.90,2.40,2.50,2.40,2.40,2.50,2.40,2.60
"Necker Island",2.90,2.90,2.00,2.60,2.60,2.60,2.60,2.70
Ohningen,2.90,2.70,2.70,2.70,2.70,2.70,2.70,2.80
"Park City",2.90,3.40,3.40,3.10,2.50,2.90,2.80,2.90
Taixing,2.90,3.50,3.50,3.80,3.50,3.00,3.00,2.90
Aspen,2.80,2.90,3.00,2.90,2.80,2.90,2.90,2.80
Cisco,2.80,2.80,4.10,3.90,4.30,3.90,4.10,3.80
Daye,2.80,1.90,1.90,1.90,1.90,1.90,1.90,1.90
Duderstadt,2.80,2.80,2.80,2.70,2.80,2.70,2.80,2.80
"Fort Lauderdale",2.80,3.00,3.10,3.20,3.30,3.30,3.20,3.20
Kyoto,2.80,2.80,3.00,3.50,3.70,3.30,4.30,4.50
Manaus,2.80,2.80,2.80,2.70,2.70,2.60,2.50,2.50
Montecito,2.80,2.80,2.80,3.00,3.00,3.00,3.00,3.00
Astana,2.70,2.70,2.70,2.70,2.70,2.70,2.70,2.70
Berkeley,2.70,2.70,2.90,2.90,2.90,2.90,2.90,2.90
"Chestnut Hill",2.70,2.70,2.80,2.80,3.20,2.90,3.30,2.80
Curitiba,2.70,3.70,3.60,5.00,4.80,4.60,4.40,4.40
Danyang,2.70,3.00,2.90,3.30,3.20,3.10,3.10,2.90
Fuzhou,2.70,5.90,5.60,6.00,5.70,5.60,5.60,5.80
Montabaur,2.70,2.50,2.40,2.60,2.60,2.30,2.40,2.30
Sarasota,2.70,2.70,2.70,2.70,2.70,2.70,2.70,2.70
Shijiazhuang,2.70,3.00,2.80,2.60,2.50,2.20,2.20,2.20
Thrissur,2.70,3.00,3.30,3.20,3.00,3.80,4.40,4.70
Yingkou,2.70,2.70,2.40,2.40,2.40,2.40,2.40,2.40
"Chevy Chase",2.60,2.60,2.60,2.60,2.60,2.60,2.70,2.70
"Lake Worth",2.60,2.60,2.60,2.60,2.60,2.60,2.60,2.60
"Marin County",2.60,2.60,2.60,2.60,2.60,2.60,2.60,2.60
Montpellier,2.60,2.60,3.30,3.30,3.30,3.30,3.30,3.40
Rheinfelden,2.60,2.40,2.70,2.80,2.80,2.80,2.90,2.90
Springdale,2.60,2.50,2.70,2.80,2.70,2.70,2.80,3.10
Torino,2.60,2.80,2.80,2.90,3.00,2.80,3.10,3.20
Zhuji,2.60,2.70,2.60,2.60,2.50,2.50,2.50,2.50
Algiers,2.50,2.50,2.50,2.50,2.50,2.50,2.50,2.50
Changchun,2.50,2.70,1.40,1.50,1.40,1.30,1.30,1.30
Cincinnati,2.50,3.20,3.30,3.20,3.20,3.40,3.10,2.80
Espelkamp,2.50,2.50,2.50,2.50,2.50,2.50,2.50,2.60
Lima,2.50,2.70,1.00,1.10,1.20,1.20,1.20,1.20
"Neustadt an der Waldnaab",2.50,2.70,2.70,2.70,2.70,2.70,2.70,2.70
Shangyu,2.50,3.90,4.90,4.80,2.60,1.50,1.50,1.60
Taichung,2.50,3.00,2.80,2.50,2.70,3.10,3.10,3.50
Vorden,2.50,2.50,2.70,NULL,NULL,NULL,NULL,NULL
Darmstadt,2.40,2.40,2.40,2.40,2.40,2.40,2.40,2.40
Graz,2.40,2.50,2.70,2.40,2.60,2.60,2.70,2.80
Kingscourt,2.40,2.70,2.70,2.70,2.80,2.60,2.70,2.60
Luancheng,2.40,2.50,2.50,2.60,2.70,2.50,2.40,2.00
Marburg,2.40,2.40,2.40,2.40,2.40,2.40,2.40,2.40
"North York",2.40,2.30,2.70,2.70,2.70,2.70,2.70,2.80
"Porto Alegre",2.40,2.40,2.60,2.50,2.50,2.30,2.30,2.30
Sewickley,2.40,2.70,3.20,2.90,3.20,3.10,3.10,3.30
"St. Peter Port",2.40,2.50,2.50,2.50,2.70,2.70,2.70,2.80
Vaduz,2.40,1.50,1.50,1.50,1.50,1.50,1.50,1.60
Weinheim,2.40,2.40,2.40,2.40,2.40,2.40,2.40,2.50
Yanzhou,2.40,2.80,2.80,3.00,2.90,2.70,2.70,2.50
Easton,2.30,2.50,1.60,1.50,1.70,1.80,1.70,2.00
"El Paso",2.30,2.30,1.60,1.60,1.60,1.60,1.60,1.60
Fukuoka,2.30,2.10,3.60,3.40,3.00,3.00,3.30,3.90
Huizhou,2.30,2.90,3.00,2.70,3.00,3.00,2.90,2.40
Hurden,2.30,2.10,2.10,2.10,2.10,2.10,2.10,2.10
Rechterfeld,2.30,2.30,3.40,3.40,3.40,3.40,3.40,3.50
"San Juan Islands",2.30,2.30,1.30,1.30,1.30,1.30,1.30,1.30
Xinxiang,2.30,2.50,2.50,2.50,2.30,2.00,2.10,2.00
Durham,2.20,2.30,2.40,2.30,2.20,2.20,2.30,2.30
"New Delhi",2.20,2.20,2.10,2.10,2.20,2.40,2.50,2.50
Portland,2.20,2.30,2.20,2.20,2.30,2.20,2.20,2.20
Rheda-Wiedenbruck,2.20,2.20,2.20,2.20,2.20,2.20,2.20,2.40
Suqian,2.20,2.30,2.20,2.20,2.20,1.00,1.00,1.10
"Surfers Paradise",2.20,2.20,2.30,2.30,2.30,2.30,2.30,2.30
Wollerau,2.20,2.30,2.30,2.30,2.50,2.50,2.60,2.70
Aurangabad,2.10,1.90,1.80,2.00,2.20,2.60,2.50,2.40
"Indian Hills",2.10,2.00,2.10,2.30,2.10,2.10,2.20,2.30
Krefeld,2.10,1.70,1.70,1.70,1.70,1.70,1.70,1.70
"Sioux Falls",2.10,2.10,2.10,2.10,2.10,2.10,2.10,2.10
Surabaya,2.10,2.10,2.10,2.00,2.00,1.90,2.00,2.10
Whistler,2.10,2.00,2.00,2.00,2.10,2.10,2.00,2.10
Zhaoyuan,2.10,2.40,2.20,2.40,2.20,2.00,1.90,1.90
Athens,2.00,2.10,2.10,6.70,6.70,6.60,6.60,6.50
Boucherville,2.00,2.10,2.00,1.90,2.00,1.90,2.10,2.00
Bucharest,2.00,2.00,2.10,2.10,2.10,2.10,2.10,2.20
Charleston,2.00,2.10,2.30,3.80,3.80,3.80,3.80,3.90
Gorinchem,2.00,2.20,2.10,2.00,2.20,2.10,2.10,2.30
Manantiales,2.00,2.00,4.90,5.10,5.10,5.00,4.90,5.10
"Old Lyme",2.00,2.00,2.00,2.20,2.20,2.20,2.30,2.30
"Paradise Island",2.00,2.30,2.20,2.20,2.30,2.20,2.30,2.30
"Santa Monica",2.00,2.00,1.30,1.30,1.30,1.30,1.30,1.30
Schwieberdingen,2.00,2.00,1.90,1.90,1.90,1.90,1.90,2.00
"St. Brelade",2.00,2.00,2.00,2.00,2.00,2.00,2.00,2.10
"Turks and Caicos Islands",2.00,2.00,2.00,2.00,2.10,2.00,2.00,2.00
Yantai,2.00,4.00,4.00,4.10,4.10,3.00,2.90,4.00
"Yorktown Heights",2.00,2.00,2.10,1.90,2.10,2.30,2.30,2.50
Ypsilanti,2.00,2.00,2.90,2.90,2.90,2.90,2.90,2.60
Alpine,1.90,1.90,2.20,2.20,2.20,2.20,2.20,2.20
Cupertino,1.90,2.10,2.00,2.00,2.10,2.20,2.20,2.20
Linyi,1.90,1.60,1.60,1.60,1.60,1.60,1.60,1.60
Monsey,1.90,1.90,2.00,2.00,2.00,2.00,2.00,2.00
"North Salem",1.90,1.90,2.10,2.10,2.10,2.10,2.10,2.10
Yunlin,1.90,1.80,1.70,1.70,1.70,1.70,1.50,1.60
Allendorf,1.80,2.40,2.50,2.50,2.50,2.50,2.60,2.70
Baroda,1.80,1.90,1.80,1.80,1.80,1.80,2.10,2.00
Blaricum,1.80,1.80,1.80,1.80,1.80,1.80,1.80,1.90
"Dar es Salaam",1.80,1.80,1.80,1.80,1.80,1.80,1.80,1.80
"Daytona Beach",1.80,1.80,1.80,1.80,1.80,1.80,1.80,1.80
Jinhua,1.80,2.40,2.30,2.30,2.20,2.10,1.70,1.60
Kathmandu,1.80,1.80,1.80,1.80,1.80,1.80,1.80,1.80
Muscat,1.80,2.00,2.10,1.80,1.80,1.70,1.70,1.80
"Redwood City",1.80,1.70,1.80,1.70,1.90,2.00,2.00,2.00
Aberdeen,1.70,1.70,1.70,1.70,1.70,1.70,1.70,1.70
Albuquerque,1.70,1.70,1.70,1.70,1.70,1.70,1.70,1.70
Annapolis,1.70,1.70,1.90,1.90,1.90,1.90,1.90,1.90
Canberra,1.70,1.70,1.70,1.70,1.80,1.80,1.70,1.80
Cieszyn,1.70,1.70,1.70,1.70,1.80,1.70,1.70,1.70
Edmond,1.70,1.60,1.70,1.70,1.40,1.40,1.50,1.50
Felcsut,1.70,1.70,1.70,1.60,1.60,1.70,1.70,1.80
"Key Largo",1.70,1.70,2.40,2.40,2.40,2.40,2.40,2.40
"La Jolla",1.70,1.70,NULL,NULL,NULL,NULL,NULL,NULL
Norwich,1.70,1.70,2.30,2.50,2.30,2.30,2.40,2.50
Nottinghamshire,1.70,1.70,2.50,2.40,2.50,2.40,2.50,2.50
Princeton,1.70,1.80,1.80,1.80,1.80,1.80,1.80,1.80
Turin,1.70,1.70,2.60,2.60,2.60,2.60,2.60,2.60
Vadodara,1.70,1.80,1.70,1.90,1.70,2.00,2.50,2.30
Bratislava,1.60,2.00,1.60,1.60,1.60,1.60,1.60,1.60
Budapest,1.60,1.50,1.50,2.50,2.70,2.50,2.50,2.70
Cesena,1.60,1.60,1.60,1.50,1.60,1.60,1.60,1.60
Chiba,1.60,1.40,1.40,1.40,1.40,1.40,1.40,1.50
Hengshui,1.60,1.60,1.70,1.70,1.70,1.40,1.40,1.30
Kitzbuhel,1.60,2.50,2.50,2.40,2.70,2.60,2.80,2.60
Landsberg,1.60,1.70,1.70,1.70,1.70,1.70,1.80,2.00
Manalapan,1.60,1.60,1.40,1.40,1.40,1.40,1.40,1.40
Nicasio,1.60,1.60,1.60,1.60,1.60,1.60,1.60,1.60
Putian,1.60,1.90,1.50,1.60,2.10,1.70,1.50,1.40
Rostov-on-Don,1.60,1.40,1.40,1.40,1.40,1.40,1.40,1.40
Saitama,1.60,1.50,1.60,1.40,1.40,1.30,1.40,1.50
Shenyang,1.60,1.70,1.60,1.60,1.60,1.50,1.50,1.60
"St. Paul",1.60,1.70,1.60,1.60,1.70,1.70,1.70,1.70
Xinyu,1.60,1.90,1.70,1.60,1.60,1.30,1.30,1.30
Aberdyfi,1.50,1.50,1.50,1.50,1.50,1.50,1.50,1.50
Bedford,1.50,1.50,1.70,1.70,1.70,1.60,1.60,1.60
Campodoro,1.50,1.50,1.50,1.50,1.50,1.50,1.50,1.60
"El Cerrito",1.50,1.50,2.50,2.00,2.10,2.00,2.30,2.40
"Fisher Island",1.50,2.60,2.60,2.60,2.60,2.60,2.60,2.60
Hillsborough,1.50,1.50,2.30,2.30,2.30,2.30,2.30,2.30
"Ho Chi Minh City",1.50,2.30,2.30,5.00,5.10,5.00,5.20,5.40
Huzhou,1.50,1.90,1.60,1.60,1.50,1.30,1.20,1.20
"Kfar Shmaryahu",1.50,1.50,1.80,1.80,1.80,1.80,1.80,1.80
Liberty,1.50,1.50,1.50,1.50,1.50,1.50,1.50,1.50
"Locust Valley",1.50,1.50,1.80,1.80,1.70,1.70,1.70,1.70
Manama,1.50,1.50,1.50,1.50,1.50,1.50,1.50,1.50
Montagnola,1.50,1.50,1.50,1.50,1.50,1.40,1.50,1.50
Pujols,1.50,1.50,1.70,1.70,1.70,1.70,1.70,1.80
Sagaponack,1.50,NULL,NULL,NULL,NULL,NULL,NULL,NULL
"Santo Andre",1.50,1.70,1.70,1.70,1.70,1.60,1.50,1.50
Spilamberto,1.50,1.50,1.50,1.40,1.50,1.40,1.50,1.50
Surgut,1.50,1.50,1.50,1.50,1.50,1.50,1.50,1.50
Audubon,1.40,1.40,1.40,1.30,1.70,1.70,1.80,1.80
Bat-Yam,1.40,1.40,NULL,NULL,NULL,NULL,NULL,NULL
"Belo Horizonte",1.40,1.80,1.90,1.70,1.80,1.80,1.80,1.90
Cardiff,1.40,1.50,1.50,1.40,1.50,1.40,1.50,1.60
Chaozhou,1.40,1.60,1.60,1.80,1.90,1.90,2.10,2.00
"Crocetta del Montello",1.40,1.40,1.40,1.40,1.40,1.40,1.40,1.40
"Gold Coast",1.40,1.30,1.30,1.30,1.20,1.30,1.30,1.30
Helsingborg,1.40,1.40,1.60,1.60,1.60,1.60,1.60,1.70
Kauai,1.40,1.50,1.10,NULL,NULL,1.00,NULL,1.00
Kearney,1.40,1.50,1.70,1.70,1.70,1.70,1.80,1.70
Liaocheng,1.40,3.90,3.90,5.30,5.30,5.30,5.00,5.20
"Monte Vista",1.40,1.50,1.30,1.20,1.00,1.00,1.00,1.20
Rottendorf,1.40,1.50,1.50,1.50,1.50,1.50,1.50,1.60
"San Carlos",1.40,1.20,1.20,1.10,1.00,1.00,NULL,NULL
"San Mateo",1.40,1.20,1.00,NULL,NULL,NULL,NULL,NULL
Tawau,1.40,1.50,1.50,1.50,1.50,1.50,1.50,1.60
Belvedere,1.30,1.40,1.80,1.30,1.40,1.30,1.50,1.30
"Bnei Atarot",1.30,1.40,1.30,1.30,1.30,1.20,1.30,1.30
Burlington,1.30,1.40,1.30,1.30,1.30,1.20,1.20,1.20
Detmold,1.30,1.30,1.30,1.30,1.40,1.40,1.40,1.50
Duluth,1.30,1.20,NULL,1.40,1.20,1.20,1.30,1.50
Englewood,1.30,1.30,1.30,1.40,1.40,1.50,1.50,1.50
Ernakulam,1.30,1.20,1.40,1.60,1.60,1.70,1.70,1.80
Gallatin,1.30,1.60,1.60,1.60,1.60,1.60,1.60,1.60
Kaohsiung,1.30,1.60,1.80,NULL,NULL,NULL,NULL,NULL
Kottayam,1.30,1.20,1.40,1.60,1.60,1.70,1.70,1.80
Lanzhou,1.30,1.50,1.50,1.50,1.50,1.40,1.40,1.40
Matadepera,1.30,1.30,1.30,1.30,1.30,1.30,1.30,1.30
"Mercer Island",1.30,1.10,1.10,1.00,NULL,NULL,NULL,NULL
"Mevaseret Zion",1.30,1.30,1.40,1.40,1.40,1.40,1.40,1.40
"Mount Kisco",1.30,1.30,1.30,1.30,1.30,1.30,1.40,1.30
Nanjing,1.30,3.80,3.40,3.60,2.60,2.40,2.40,2.50
Nanping,1.30,1.40,1.40,1.40,1.40,1.20,1.20,1.10
Orono,1.30,1.30,1.30,1.40,1.40,1.50,1.50,1.50
Plymouth,1.30,1.30,1.30,1.40,1.40,1.50,1.50,1.50
Ruzhou,1.30,4.00,2.00,1.00,NULL,NULL,NULL,NULL
Shunde,1.30,1.40,2.40,2.60,2.40,2.40,1.40,2.40
Straelen,1.30,1.30,1.30,1.30,1.30,1.30,1.30,1.30
Taizhou,1.30,1.40,1.30,1.20,1.20,1.10,1.10,1.00
Trivandrum,1.30,1.20,1.40,1.60,1.60,1.70,1.70,1.80
Wotton-under-Edge,1.30,1.60,1.60,1.50,1.50,1.40,1.40,1.40
Wuhu,1.30,1.30,1.30,1.30,1.30,1.30,1.30,1.30
Baarn,1.20,1.20,1.20,1.20,1.20,1.20,1.20,1.30
"Bnei Brak",1.20,1.20,1.50,1.50,1.50,1.50,1.50,1.50
"Chang Hwa County",1.20,1.30,1.30,1.30,1.30,1.30,1.30,1.30
Chattanooga,1.20,1.30,1.50,1.30,1.40,1.30,1.80,1.70
Deinze,1.20,1.20,NULL,NULL,NULL,NULL,NULL,NULL
Fortaleza,1.20,1.20,2.20,2.20,2.30,2.10,2.10,2.20
Jaipur,1.20,1.00,1.00,1.20,1.20,1.20,1.20,1.20
Joinville,1.20,1.20,1.20,1.20,1.20,1.10,1.20,1.20
Luohe,1.20,1.30,1.40,2.90,2.80,2.70,2.90,3.30
Murmansk,1.20,1.20,1.30,1.30,1.30,1.30,1.30,1.40
Panzhihua,1.20,1.40,1.50,1.50,1.50,1.30,1.20,1.20
"Sant Elpidio A Mare",1.20,1.30,1.40,1.40,1.40,1.40,1.40,1.40
Stellenbosch,1.20,1.10,1.20,1.30,1.20,1.50,1.60,1.70
Weihai,1.20,1.20,1.20,1.30,1.20,1.00,1.10,1.10
Yixing,1.20,1.60,1.80,2.00,1.90,2.00,1.90,1.80
Dnipro,1.10,1.10,1.00,1.00,1.00,1.00,1.00,1.00
Lipperswil,1.10,1.20,1.20,1.20,1.20,1.20,1.20,1.20
"Palma de Majorca",1.10,1.10,1.20,1.20,1.30,1.30,1.20,1.10
Rhinebeck,1.10,1.10,1.10,1.10,1.10,1.10,1.10,1.10
"St. Wendel",1.10,1.60,1.60,1.50,1.60,1.50,1.60,1.60
Tervuren,1.10,1.10,1.10,1.10,1.10,1.10,1.10,1.10
Tonghua,1.10,2.10,2.10,2.10,2.10,2.10,2.10,2.10
Wels,1.10,1.10,NULL,NULL,NULL,NULL,NULL,NULL
Yunfu,1.10,1.00,1.00,1.00,1.10,1.10,1.10,NULL
Yuxi,1.10,1.20,1.10,1.10,1.10,NULL,NULL,NULL
"Beit Yanay",1.00,1.00,1.10,1.10,1.10,1.10,1.10,1.10
Gaomi,1.00,1.20,1.30,1.40,1.40,1.40,1.30,1.40
Lutherville-Timonium,1.00,1.10,1.00,NULL,NULL,NULL,NULL,1.00
Yangzhou,1.00,1.20,1.10,1.10,1.10,1.10,1.20,1.10
Anyang,NULL,NULL,NULL,NULL,NULL,NULL,NULL,NULL
Augsburg,NULL,NULL,NULL,NULL,NULL,NULL,NULL,NULL
Aurich,NULL,NULL,NULL,NULL,NULL,NULL,NULL,NULL
Baar,NULL,NULL,NULL,1.00,1.10,1.00,1.10,1.10
Badalona,NULL,NULL,NULL,NULL,NULL,NULL,NULL,NULL
Balsas,NULL,NULL,NULL,NULL,NULL,NULL,NULL,NULL
Bastad,NULL,NULL,NULL,NULL,NULL,NULL,NULL,NULL
"Baton Rouge",NULL,NULL,NULL,9.10,NULL,NULL,9.10,9.10
Bellawongarah,NULL,NULL,NULL,1.10,1.20,1.20,1.10,1.40
Bellingham,NULL,NULL,NULL,NULL,NULL,NULL,NULL,NULL
"Big Sky",NULL,NULL,NULL,1.10,1.10,1.10,1.10,1.10
Bikaner,NULL,NULL,NULL,1.20,1.40,1.60,1.60,1.90
Birchwood,NULL,NULL,NULL,4.60,4.60,4.70,4.90,4.80
Blaine,NULL,NULL,NULL,NULL,NULL,NULL,NULL,NULL
Bovenden,NULL,NULL,NULL,1.90,1.70,1.50,1.80,1.80
Brescia,NULL,NULL,NULL,2.30,2.40,2.30,2.40,2.40
Brookville,NULL,NULL,NULL,NULL,NULL,NULL,NULL,NULL
"Buones Aires",NULL,NULL,NULL,NULL,1.00,NULL,NULL,NULL
Busan,NULL,NULL,1.20,NULL,NULL,NULL,NULL,NULL
"Campos do Jordao",NULL,NULL,1.00,NULL,NULL,NULL,NULL,NULL
Cataguazes,NULL,NULL,NULL,1.10,1.00,NULL,NULL,NULL
"Chapel Hill",NULL,NULL,NULL,NULL,NULL,NULL,NULL,NULL
Charlotte,NULL,NULL,NULL,1.00,1.00,1.00,1.00,1.00
Cheongju,NULL,NULL,NULL,1.70,1.70,1.70,1.70,1.80
Cheshire,NULL,NULL,NULL,NULL,NULL,NULL,NULL,NULL
Cogliate,NULL,NULL,NULL,NULL,NULL,NULL,NULL,NULL
Cologne,NULL,NULL,NULL,1.00,1.10,1.00,1.10,1.00
Concord,NULL,NULL,NULL,1.50,1.50,1.50,1.50,1.50
Copenhagen,NULL,NULL,NULL,NULL,NULL,NULL,NULL,NULL
"Cut Off",NULL,NULL,NULL,2.00,2.00,2.00,2.00,2.00
Dalian,NULL,NULL,NULL,NULL,NULL,NULL,NULL,NULL
Delaware,NULL,NULL,NULL,NULL,NULL,NULL,NULL,NULL
Dezhou,NULL,NULL,NULL,NULL,NULL,NULL,NULL,NULL
Dongguan,NULL,NULL,1.20,1.30,1.30,1.20,1.20,1.20
Dongying,NULL,NULL,NULL,NULL,NULL,NULL,NULL,NULL
Eusebio,NULL,NULL,NULL,1.00,NULL,NULL,NULL,NULL
"Far Hills",NULL,NULL,NULL,NULL,NULL,NULL,NULL,NULL
Faridabad,NULL,NULL,1.40,1.40,1.40,1.40,1.30,1.20
"Farmington Hills",NULL,NULL,NULL,NULL,NULL,NULL,NULL,NULL
Florianopolis,NULL,NULL,NULL,5.00,4.60,4.80,5.60,6.00
Franca,NULL,NULL,NULL,NULL,NULL,NULL,NULL,NULL
"Fuschl am See",NULL,NULL,NULL,NULL,NULL,NULL,NULL,NULL
Gladstone,NULL,NULL,NULL,NULL,1.10,1.10,1.10,1.20
Guiyang,NULL,NULL,NULL,NULL,NULL,NULL,NULL,NULL
Haikou,NULL,NULL,NULL,1.30,1.50,1.30,1.00,NULL
Haining,NULL,NULL,NULL,NULL,NULL,NULL,NULL,NULL
Heshan,NULL,NULL,NULL,NULL,NULL,NULL,1.10,NULL
Hohhot,NULL,NULL,NULL,NULL,NULL,NULL,NULL,NULL
Holzminden,NULL,NULL,NULL,NULL,NULL,NULL,1.00,1.10
"Huaibei city",NULL,NULL,NULL,NULL,NULL,NULL,NULL,NULL
Jiaozuo,NULL,NULL,NULL,1.20,NULL,NULL,NULL,NULL
Jilin,NULL,NULL,NULL,NULL,NULL,NULL,NULL,NULL
Kaliningrad,NULL,2.50,2.50,2.50,2.60,2.40,2.50,2.40
Karlstad,NULL,NULL,NULL,NULL,NULL,NULL,NULL,NULL
Kashiwa,NULL,NULL,NULL,NULL,NULL,NULL,NULL,NULL
Kent,NULL,NULL,NULL,3.30,3.40,3.30,3.30,3.40
"Key West",NULL,NULL,NULL,1.10,1.10,1.10,1.10,1.10
Kohler,NULL,NULL,NULL,NULL,NULL,NULL,NULL,NULL
Kunming,NULL,NULL,NULL,NULL,NULL,NULL,NULL,NULL
Kunshan,NULL,NULL,NULL,NULL,NULL,NULL,NULL,NULL
Laizhou,NULL,NULL,NULL,NULL,NULL,NULL,NULL,NULL
"Lake Bluff",NULL,NULL,NULL,NULL,NULL,NULL,NULL,NULL
Lakeland,NULL,NULL,NULL,5.10,5.50,5.00,5.10,5.00
Leicester,NULL,NULL,NULL,NULL,NULL,NULL,NULL,NULL
Liaoyang,NULL,NULL,NULL,NULL,NULL,NULL,NULL,NULL
Limassol,NULL,NULL,NULL,1.20,1.20,1.20,1.20,1.30
Linhai,NULL,NULL,NULL,NULL,NULL,NULL,NULL,NULL
Liupanshui,NULL,NULL,NULL,NULL,NULL,NULL,NULL,NULL
"Los Gatos",NULL,NULL,NULL,NULL,1.00,NULL,1.10,1.10
Ludhiana,NULL,NULL,NULL,NULL,NULL,1.10,1.20,1.10
Maanshan,NULL,NULL,NULL,NULL,NULL,NULL,NULL,NULL
Makati,NULL,NULL,1.00,NULL,NULL,NULL,NULL,NULL
Mantua,NULL,NULL,NULL,NULL,NULL,NULL,NULL,NULL
Meishan,NULL,NULL,NULL,NULL,NULL,NULL,NULL,NULL
Mezhdurechensk,NULL,NULL,NULL,NULL,NULL,NULL,NULL,NULL
Miamisburg,NULL,NULL,NULL,2.00,2.00,2.00,2.00,2.00
Monaca,NULL,NULL,NULL,NULL,NULL,NULL,NULL,NULL
Nanchang,NULL,NULL,NULL,NULL,NULL,NULL,NULL,NULL
Nantong,NULL,1.00,NULL,NULL,NULL,NULL,NULL,NULL
Nanyang,NULL,NULL,1.00,1.00,1.10,1.00,1.00,NULL
Ningguo,NULL,NULL,NULL,NULL,NULL,NULL,NULL,NULL
Oviedo,NULL,NULL,NULL,2.00,2.20,2.00,2.20,2.20
Penang,NULL,NULL,NULL,NULL,NULL,NULL,NULL,NULL
"Phnom Penh",NULL,NULL,NULL,NULL,NULL,NULL,NULL,NULL
Qinhuangdao,NULL,NULL,NULL,NULL,NULL,NULL,NULL,NULL
Qiqihaer,NULL,NULL,NULL,NULL,NULL,NULL,NULL,NULL
Quzhou,NULL,NULL,NULL,NULL,NULL,NULL,NULL,NULL
Rajkot,NULL,NULL,NULL,NULL,NULL,1.50,1.30,1.40
Raleigh,NULL,NULL,NULL,2.50,2.50,2.50,3.10,3.00
Rennes,NULL,NULL,NULL,4.80,4.80,4.80,4.80,5.00
Rizhao,NULL,NULL,NULL,NULL,NULL,NULL,NULL,NULL
Rochester,NULL,NULL,NULL,1.70,1.70,1.70,1.70,1.70
Rosslyn,NULL,NULL,NULL,NULL,NULL,NULL,NULL,NULL
Rumson,NULL,NULL,NULL,NULL,NULL,NULL,1.10,1.10
Rye,NULL,NULL,NULL,NULL,NULL,NULL,NULL,NULL
Saint-Emilion,NULL,NULL,NULL,NULL,NULL,NULL,NULL,NULL
Selangor,NULL,NULL,NULL,NULL,1.10,1.20,1.30,1.40
Shelburne,NULL,NULL,NULL,1.90,1.90,1.90,1.90,1.90
Sonoma,NULL,NULL,NULL,NULL,NULL,NULL,NULL,NULL
Tainan,NULL,NULL,NULL,NULL,NULL,NULL,NULL,NULL
Taoyuan,NULL,NULL,NULL,1.00,1.10,NULL,NULL,NULL
Tongxiang,NULL,NULL,NULL,NULL,NULL,1.00,NULL,NULL
Truckee,NULL,NULL,NULL,NULL,NULL,NULL,NULL,NULL
Urumchi,NULL,NULL,NULL,NULL,NULL,NULL,NULL,NULL
Vladivostok,NULL,NULL,NULL,2.60,2.60,2.60,2.60,2.80
Wellington,NULL,NULL,NULL,1.40,1.40,1.40,1.40,1.40
Xianyang,NULL,NULL,NULL,NULL,NULL,NULL,NULL,NULL
Yongzhou,NULL,NULL,NULL,NULL,1.10,1.00,NULL,NULL
Yuyao,NULL,NULL,NULL,NULL,NULL,NULL,NULL,NULL
Zhangjiagang,NULL,NULL,NULL,NULL,NULL,NULL,NULL,NULL
Zhongshan,NULL,NULL,NULL,NULL,NULL,NULL,NULL,NULL
Zhuzhou,NULL,NULL,NULL,NULL,NULL,NULL,NULL,NULL
